-- This script was generated by a beta version of the ERD tool in pgAdmin 4.
-- Please log an issue at https://redmine.postgresql.org/projects/pgadmin4/issues/new if you find any bugs, including reproduction steps.
BEGIN;

DROP TABLE IF EXISTS public.client_addresses CASCADE;
DROP TABLE IF EXISTS public.clients CASCADE;
DROP TABLE IF EXISTS public.orders CASCADE;
DROP TABLE IF EXISTS public.product_orders CASCADE;
DROP TABLE IF EXISTS public.products CASCADE;
DROP TABLE IF EXISTS public.products_quantity CASCADE;
DROP TABLE IF EXISTS public.shops CASCADE;
DROP TABLE IF EXISTS public.shop_warehouses CASCADE;
DROP TABLE IF EXISTS public.suppliers CASCADE;
DROP TABLE IF EXISTS public.warehouses CASCADE;
DROP TABLE IF EXISTS public.workers CASCADE;

CREATE TABLE public.products
(
    product_id serial NOT NULL,
    product_name name NOT NULL,
    production_date date NOT NULL,
    factory_price money NOT NULL,
    shop_price money NOT NULL,
    suplier_id integer NOT NULL,
    PRIMARY KEY (product_id),
	UNIQUE(suplier_id)
);

CREATE TABLE public.workers
(
    worker_id serial NOT NULL,
    first_name name NOT NULL,
    last_name name NOT NULL,
    salary money NOT NULL,
    hire_date date NOT NULL,
    employment_type text NOT NULL,
    manager_id serial NOT NULL,
    shop_id integer NOT NULL,
    orders integer,
    PRIMARY KEY (worker_id)
	
);

CREATE TABLE public.shops
(
    shop_id serial NOT NULL,
    surface integer NOT NULL,
    warehouse_id integer NOT NULL,
    city text NOT NULL,
    street_address text NOT NULL,
    postal_code text NOT NULL,
    PRIMARY KEY (shop_id),
	UNIQUE(warehouse_id)
);

CREATE TABLE public.clients
(
    client_id serial NOT NULL,
    address_id integer NOT NULL,
    phone integer NOT NULL,
    login text NOT NULL,
    password text NOT NULL,
    nip integer NOT NULL,
    order_id integer,
    PRIMARY KEY (client_id),
	UNIQUE (address_id,order_id)
);

CREATE TABLE public.orders
(
    order_id serial NOT NULL,
    client_id integer NOT NULL,
    products integer[] NOT NULL,
    shop_id numeric NOT NULL,
    order_date date NOT NULL,
    order_status integer NOT NULL,
    PRIMARY KEY (order_id)
	
);

CREATE TABLE public.product_orders
(
    "PRODUCTS_product_id" integer NOT NULL,
    "ORDERS_order_id" integer NOT NULL
);

CREATE TABLE public.warehouses
(
    warehouse_id serial NOT NULL,
    city text NOT NULL,
    street_address text NOT NULL,
    postal_code text NOT NULL,
    PRIMARY KEY (warehouse_id)
);

CREATE TABLE public.suppliers
(
    supplier_id serial NOT NULL,
    name text NOT NULL,
    product_id integer NOT NULL,
    PRIMARY KEY (supplier_id)
);

CREATE TABLE public.client_addresses
(
    address_id serial NOT NULL,
    city text NOT NULL,
    street_address text NOT NULL,
    postal_code text NOT NULL,
    description text NOT NULL,
    PRIMARY KEY (address_id)
);

CREATE TABLE public.products_quantity
(
    warehouse_id integer NOT NULL,
    product_id integer NOT NULL,
    quantity integer
);

CREATE TABLE public.shop_warehouses
(
    shop_warehouse_id integer NOT NULL,
    warehouse_warehouse_id integer NOT NULL
);

ALTER TABLE public.product_orders
    ADD FOREIGN KEY ("PRODUCTS_product_id")
    REFERENCES public.products (product_id)
    NOT VALID;


ALTER TABLE public.product_orders
    ADD FOREIGN KEY ("ORDERS_order_id")
    REFERENCES public.orders (order_id)
    NOT VALID;


ALTER TABLE public.clients
    ADD FOREIGN KEY (order_id)
    REFERENCES public.orders (order_id)
    NOT VALID;


ALTER TABLE public.suppliers
    ADD FOREIGN KEY (supplier_id)
    REFERENCES public.products (suplier_id)
    NOT VALID;


ALTER TABLE public.products_quantity
    ADD FOREIGN KEY (product_id)
    REFERENCES public.products (product_id)
    NOT VALID;


ALTER TABLE public.products_quantity
    ADD FOREIGN KEY (warehouse_id)
    REFERENCES public.warehouses (warehouse_id)
    NOT VALID;


ALTER TABLE public.shop_warehouses
    ADD FOREIGN KEY (shop_warehouse_id)
    REFERENCES public.shops (warehouse_id)
    NOT VALID;


ALTER TABLE public.shop_warehouses
    ADD FOREIGN KEY (warehouse_warehouse_id)
    REFERENCES public.warehouses (warehouse_id)
    NOT VALID;


ALTER TABLE public.workers
    ADD FOREIGN KEY (orders)
    REFERENCES public.orders (order_id)
    NOT VALID;


ALTER TABLE public.clients
    ADD FOREIGN KEY (address_id)
    REFERENCES public.client_addresses (address_id)
    NOT VALID;

END;


insert into client_addresses (address_id, city, street_address, postal_code, description) values (1, 'Bielawa', 'Balwierska', '01-234', 'budowa');
insert into client_addresses (address_id, city, street_address, postal_code, description) values (2, 'Olszyna', 'Słoneczna Polana', '89-076', 'budowa');
insert into client_addresses (address_id, city, street_address, postal_code, description) values (3, 'Karpacz', 'Adama', '01-234', 'budowa');
insert into client_addresses (address_id, city, street_address, postal_code, description) values (4, 'Świerzawa', 'Karola', '28-653', 'magazyn');
insert into client_addresses (address_id, city, street_address, postal_code, description) values (5, 'Kąty Wrocławskie', 'Trzebnicka', '34-123', 'zaplecze');
insert into client_addresses (address_id, city, street_address, postal_code, description) values (6, 'Twardogóra', 'Cisawa', '01-234', 'zaplecze');
insert into client_addresses (address_id, city, street_address, postal_code, description) values (7, 'Nowa Ruda', 'Mickiewicza', '34-123', 'budowa');
insert into client_addresses (address_id, city, street_address, postal_code, description) values (8, 'Żarów', 'Zielona', '89-076', 'magazyn');
insert into client_addresses (address_id, city, street_address, postal_code, description) values (9, 'Strzelin', 'Wierzbowa', '50-123', 'magazyn');
insert into client_addresses (address_id, city, street_address, postal_code, description) values (10, 'Żmigród', 'Świerkowa', '54-876', 'budowa');
insert into client_addresses (address_id, city, street_address, postal_code, description) values (11, 'Syców', 'Łomnicka', '54-876', 'budowa');
insert into client_addresses (address_id, city, street_address, postal_code, description) values (12, 'Ząbkowice Śląskie', 'Rybacka', '01-234', 'budowa');
insert into client_addresses (address_id, city, street_address, postal_code, description) values (13, 'Wałbrzych', 'Cicha', '50-123', 'magazyn');
insert into client_addresses (address_id, city, street_address, postal_code, description) values (14, 'Chocianów', 'Spacerowa', '34-123', 'magazyn');
insert into client_addresses (address_id, city, street_address, postal_code, description) values (15, 'Szczytna', 'Adama', '28-653', 'zaplecze');
insert into client_addresses (address_id, city, street_address, postal_code, description) values (16, 'Jedlina-Zdrój', 'Łomnicka', '89-076', 'zaplecze');
insert into client_addresses (address_id, city, street_address, postal_code, description) values (17, 'Prochowice', 'Świerkowa', '54-876', 'zaplecze');
insert into client_addresses (address_id, city, street_address, postal_code, description) values (18, 'Ziębice', 'Polna', '89-076', 'zaplecze');
insert into client_addresses (address_id, city, street_address, postal_code, description) values (19, 'Gryfów Śląski', 'Wierzbowa', '01-234', 'magazyn');
insert into client_addresses (address_id, city, street_address, postal_code, description) values (20, 'Wołów', 'Granitowa', '54-876', 'zaplecze');
insert into client_addresses (address_id, city, street_address, postal_code, description) values (21, 'Lubomierz', 'Agrestowa', '54-876', 'magazyn');
insert into client_addresses (address_id, city, street_address, postal_code, description) values (22, 'Mieroszów', 'Handlowa', '89-076', 'budowa');
insert into client_addresses (address_id, city, street_address, postal_code, description) values (23, 'Pieńsk', 'Kolejowa', '50-123', 'magazyn');
insert into client_addresses (address_id, city, street_address, postal_code, description) values (24, 'Międzylesie', 'Bławatna', '89-076', 'magazyn');
insert into client_addresses (address_id, city, street_address, postal_code, description) values (25, 'Kowary', 'Kopernika', '50-123', 'budowa');
insert into client_addresses (address_id, city, street_address, postal_code, description) values (26, 'Bogatynia', 'Chmielna', '50-123', 'magazyn');
insert into client_addresses (address_id, city, street_address, postal_code, description) values (27, 'Bogatynia', 'Kolejowa', '28-653', 'budowa');
insert into client_addresses (address_id, city, street_address, postal_code, description) values (28, 'Olszyna', 'Radarowa', '01-234', 'budowa');
insert into client_addresses (address_id, city, street_address, postal_code, description) values (29, 'Mirsk', 'Świerkowa', '89-076', 'magazyn');
insert into client_addresses (address_id, city, street_address, postal_code, description) values (30, 'Ziębice', 'Maja', '01-234', 'magazyn');
insert into client_addresses (address_id, city, street_address, postal_code, description) values (31, 'Bogatynia', 'Kolejowa', '50-123', 'magazyn');
insert into client_addresses (address_id, city, street_address, postal_code, description) values (32, 'Węgliniec', 'Mickiewicza', '28-653', 'magazyn');
insert into client_addresses (address_id, city, street_address, postal_code, description) values (33, 'Wołów', 'Kolejowa', '01-234', 'budowa');
insert into client_addresses (address_id, city, street_address, postal_code, description) values (34, 'Kamienna Góra', 'Magnoliowa', '50-123', 'zaplecze');
insert into client_addresses (address_id, city, street_address, postal_code, description) values (35, 'Boguszów-Gorce', 'Modrzewiowa', '54-876', 'zaplecze');
insert into client_addresses (address_id, city, street_address, postal_code, description) values (36, 'Bielawa', 'Kraszewskiego', '54-876', 'zaplecze');
insert into client_addresses (address_id, city, street_address, postal_code, description) values (37, 'Legnica', 'Poprzeczna', '34-123', 'zaplecze');
insert into client_addresses (address_id, city, street_address, postal_code, description) values (38, 'Pieszyce', 'Poprzeczna', '54-876', 'budowa');
insert into client_addresses (address_id, city, street_address, postal_code, description) values (39, 'Złoty Stok', 'Jesionowa', '34-123', 'magazyn');
insert into client_addresses (address_id, city, street_address, postal_code, description) values (40, 'Niemcza', 'Wielkopolska', '50-123', 'budowa');
insert into client_addresses (address_id, city, street_address, postal_code, description) values (41, 'Złotoryja', 'Batalionów Chłopskich', '01-234', 'magazyn');
insert into client_addresses (address_id, city, street_address, postal_code, description) values (42, 'Wrocław', 'Słowicza', '01-234', 'magazyn');
insert into client_addresses (address_id, city, street_address, postal_code, description) values (43, 'Kąty Wrocławskie', 'Modrzewiowa', '28-653', 'zaplecze');
insert into client_addresses (address_id, city, street_address, postal_code, description) values (44, 'Prusice', 'Grabowa', '01-234', 'magazyn');
insert into client_addresses (address_id, city, street_address, postal_code, description) values (45, 'Wleń', 'Magnoliowa', '01-234', 'budowa');
insert into client_addresses (address_id, city, street_address, postal_code, description) values (46, 'Brzeg Dolny', 'Topolowa', '89-076', 'magazyn');
insert into client_addresses (address_id, city, street_address, postal_code, description) values (47, 'Wleń', 'Wrocławska', '89-076', 'budowa');
insert into client_addresses (address_id, city, street_address, postal_code, description) values (48, 'Wojcieszów', 'Kamienna', '89-076', 'budowa');
insert into client_addresses (address_id, city, street_address, postal_code, description) values (49, 'Ziębice', 'Adama', '34-123', 'magazyn');
insert into client_addresses (address_id, city, street_address, postal_code, description) values (50, 'Prusice', 'Jaśminowa', '50-123', 'magazyn');
insert into client_addresses (address_id, city, street_address, postal_code, description) values (51, 'Bolków', 'Cicha', '01-234', 'budowa');
insert into client_addresses (address_id, city, street_address, postal_code, description) values (52, 'Ziębice', 'Kolejowa', '34-123', 'zaplecze');
insert into client_addresses (address_id, city, street_address, postal_code, description) values (53, 'Świeradów-Zdrój', 'Dębowa', '54-876', 'budowa');
insert into client_addresses (address_id, city, street_address, postal_code, description) values (54, 'Bardo', 'Dębowa', '28-653', 'magazyn');
insert into client_addresses (address_id, city, street_address, postal_code, description) values (55, 'Karpacz', 'Świerkowa', '54-876', 'zaplecze');
insert into client_addresses (address_id, city, street_address, postal_code, description) values (56, 'Przemków', 'Batalionów Chłopskich', '50-123', 'zaplecze');
insert into client_addresses (address_id, city, street_address, postal_code, description) values (57, 'Lubawka', 'Spacerowa', '34-123', 'zaplecze');
insert into client_addresses (address_id, city, street_address, postal_code, description) values (58, 'Duszniki-Zdrój', 'Wiejska', '34-123', 'budowa');
insert into client_addresses (address_id, city, street_address, postal_code, description) values (59, 'Ścinawa', 'Cicha', '54-876', 'budowa');
insert into client_addresses (address_id, city, street_address, postal_code, description) values (60, 'Szczytna', 'Perseusza', '50-123', 'zaplecze');
insert into client_addresses (address_id, city, street_address, postal_code, description) values (61, 'Oleśnica', 'Wiosenna', '01-234', 'zaplecze');
insert into client_addresses (address_id, city, street_address, postal_code, description) values (62, 'Lubin', 'Rybacka', '01-234', 'budowa');
insert into client_addresses (address_id, city, street_address, postal_code, description) values (63, 'Międzylesie', 'Kolejowa', '50-123', 'zaplecze');
insert into client_addresses (address_id, city, street_address, postal_code, description) values (64, 'Bardo', 'Topolowa', '28-653', 'magazyn');
insert into client_addresses (address_id, city, street_address, postal_code, description) values (65, 'Węgliniec', 'Cicha', '50-123', 'magazyn');
insert into client_addresses (address_id, city, street_address, postal_code, description) values (66, 'Szczawno-Zdrój', 'Cicha', '50-123', 'budowa');
insert into client_addresses (address_id, city, street_address, postal_code, description) values (67, 'Kudowa-Zdrój', 'Cicha', '01-234', 'budowa');
insert into client_addresses (address_id, city, street_address, postal_code, description) values (68, 'Bierutów', 'Cicha', '50-123', 'zaplecze');
insert into client_addresses (address_id, city, street_address, postal_code, description) values (69, 'Jelenia Góra', 'Spacerowa', '28-653', 'magazyn');
insert into client_addresses (address_id, city, street_address, postal_code, description) values (70, 'Wrocław', 'Stanisława', '89-076', 'budowa');
insert into client_addresses (address_id, city, street_address, postal_code, description) values (71, 'Przemków', 'Szymanowskiego', '34-123', 'magazyn');
insert into client_addresses (address_id, city, street_address, postal_code, description) values (72, 'Piława Górna', 'Brzozowa', '50-123', 'zaplecze');
insert into client_addresses (address_id, city, street_address, postal_code, description) values (73, 'Oleśnica', 'Dzika', '50-123', 'magazyn');
insert into client_addresses (address_id, city, street_address, postal_code, description) values (74, 'Złoty Stok', 'Groszowiecka', '34-123', 'budowa');
insert into client_addresses (address_id, city, street_address, postal_code, description) values (75, 'Pieszyce', 'Bzowa', '50-123', 'budowa');
insert into client_addresses (address_id, city, street_address, postal_code, description) values (76, 'Mieroszów', 'Józefa', '34-123', 'magazyn');
insert into client_addresses (address_id, city, street_address, postal_code, description) values (77, 'Legnica', 'Kolejowa', '01-234', 'zaplecze');
insert into client_addresses (address_id, city, street_address, postal_code, description) values (78, 'Mieroszów', 'Adama', '54-876', 'budowa');
insert into client_addresses (address_id, city, street_address, postal_code, description) values (79, 'Brzeg Dolny', 'Cicha', '34-123', 'zaplecze');
insert into client_addresses (address_id, city, street_address, postal_code, description) values (80, 'Świdnica', 'Staromłyńska', '01-234', 'budowa');
insert into client_addresses (address_id, city, street_address, postal_code, description) values (81, 'Głogów', 'Obrońców Pokoju', '28-653', 'zaplecze');
insert into client_addresses (address_id, city, street_address, postal_code, description) values (82, 'Złotoryja', 'Dworska', '50-123', 'budowa');
insert into client_addresses (address_id, city, street_address, postal_code, description) values (83, 'Lądek-Zdrój', 'Strażacka', '01-234', 'budowa');
insert into client_addresses (address_id, city, street_address, postal_code, description) values (84, 'Polkowice', 'Dębowa', '28-653', 'budowa');
insert into client_addresses (address_id, city, street_address, postal_code, description) values (85, 'Szczawno-Zdrój', 'Wierzbowa', '50-123', 'budowa');
insert into client_addresses (address_id, city, street_address, postal_code, description) values (86, 'Oleśnica', 'Wyspiańskiego', '01-234', 'zaplecze');
insert into client_addresses (address_id, city, street_address, postal_code, description) values (87, 'Wałbrzych', 'Przechodnia', '34-123', 'zaplecze');
insert into client_addresses (address_id, city, street_address, postal_code, description) values (88, 'Głuszyca', 'Cisowa', '50-123', 'budowa');
insert into client_addresses (address_id, city, street_address, postal_code, description) values (89, 'Pieszyce', 'Obrońców Pokoju', '34-123', 'zaplecze');
insert into client_addresses (address_id, city, street_address, postal_code, description) values (90, 'Kłodzko', 'Cytrynowa', '50-123', 'zaplecze');
insert into client_addresses (address_id, city, street_address, postal_code, description) values (91, 'Lubań', 'Zielona', '01-234', 'magazyn');
insert into client_addresses (address_id, city, street_address, postal_code, description) values (92, 'Bolków', 'Maja', '50-123', 'budowa');
insert into client_addresses (address_id, city, street_address, postal_code, description) values (93, 'Prochowice', 'Asnyka', '54-876', 'zaplecze');
insert into client_addresses (address_id, city, street_address, postal_code, description) values (94, 'Głuszyca', 'Rogowa', '28-653', 'budowa');
insert into client_addresses (address_id, city, street_address, postal_code, description) values (95, 'Lubomierz', 'Herbsta', '28-653', 'zaplecze');
insert into client_addresses (address_id, city, street_address, postal_code, description) values (96, 'Pieńsk', 'Radarowa', '34-123', 'zaplecze');
insert into client_addresses (address_id, city, street_address, postal_code, description) values (97, 'Ziębice', 'Miła', '54-876', 'budowa');
insert into client_addresses (address_id, city, street_address, postal_code, description) values (98, 'Szczawno-Zdrój', 'Agrestowa', '28-653', 'magazyn');
insert into client_addresses (address_id, city, street_address, postal_code, description) values (99, 'Nowa Ruda', 'Skowronkowa', '54-876', 'zaplecze');
insert into client_addresses (address_id, city, street_address, postal_code, description) values (100, 'Jelenia Góra', 'Kościelna', '50-123', 'magazyn');
insert into client_addresses (address_id, city, street_address, postal_code, description) values (101, 'Kamienna Góra', 'Polna', '34-123', 'zaplecze');
insert into client_addresses (address_id, city, street_address, postal_code, description) values (102, 'Boguszów-Gorce', 'Wiejska', '54-876', 'zaplecze');
insert into client_addresses (address_id, city, street_address, postal_code, description) values (103, 'Wrocław', 'Modrzewiowa', '34-123', 'zaplecze');
insert into client_addresses (address_id, city, street_address, postal_code, description) values (104, 'Zawidów', 'Agrestowa', '34-123', 'magazyn');
insert into client_addresses (address_id, city, street_address, postal_code, description) values (105, 'Zgorzelec', 'Leszczynowa', '28-653', 'zaplecze');
insert into client_addresses (address_id, city, street_address, postal_code, description) values (106, 'Bolków', 'Piaskowa', '28-653', 'zaplecze');
insert into client_addresses (address_id, city, street_address, postal_code, description) values (107, 'Piława Górna', 'Obrońców Pokoju', '34-123', 'magazyn');
insert into client_addresses (address_id, city, street_address, postal_code, description) values (108, 'Zgorzelec', 'Kamienna', '50-123', 'budowa');
insert into client_addresses (address_id, city, street_address, postal_code, description) values (109, 'Szklarska Poręba', 'Adama', '89-076', 'budowa');
insert into client_addresses (address_id, city, street_address, postal_code, description) values (110, 'Twardogóra', 'Wrocławska', '50-123', 'magazyn');
insert into client_addresses (address_id, city, street_address, postal_code, description) values (111, 'Strzegom', 'Cisowa', '28-653', 'budowa');
insert into client_addresses (address_id, city, street_address, postal_code, description) values (112, 'Ząbkowice Śląskie', 'Wiejska', '50-123', 'magazyn');
insert into client_addresses (address_id, city, street_address, postal_code, description) values (113, 'Góra', 'Handlowa', '89-076', 'budowa');
insert into client_addresses (address_id, city, street_address, postal_code, description) values (114, 'Piechowice', 'Ignacego', '50-123', 'zaplecze');
insert into client_addresses (address_id, city, street_address, postal_code, description) values (115, 'Oborniki Śląskie', 'Brzozowa', '34-123', 'magazyn');
insert into client_addresses (address_id, city, street_address, postal_code, description) values (116, 'Szczytna', 'Jesienna', '34-123', 'magazyn');
insert into client_addresses (address_id, city, street_address, postal_code, description) values (117, 'Bogatynia', 'Magnoliowa', '34-123', 'budowa');
insert into client_addresses (address_id, city, street_address, postal_code, description) values (118, 'Lwówek Śląski', 'Przechodnia', '01-234', 'magazyn');
insert into client_addresses (address_id, city, street_address, postal_code, description) values (119, 'Kamienna Góra', 'Zygmunta', '34-123', 'budowa');
insert into client_addresses (address_id, city, street_address, postal_code, description) values (120, 'Zgorzelec', 'Mickiewicza', '01-234', 'budowa');
insert into client_addresses (address_id, city, street_address, postal_code, description) values (121, 'Mirsk', 'Polna', '01-234', 'budowa');
insert into client_addresses (address_id, city, street_address, postal_code, description) values (122, 'Kowary', 'Zielona', '89-076', 'budowa');
insert into client_addresses (address_id, city, street_address, postal_code, description) values (123, 'Bolków', 'Bławatna', '28-653', 'magazyn');
insert into client_addresses (address_id, city, street_address, postal_code, description) values (124, 'Pieńsk', 'Malinowa', '28-653', 'budowa');
insert into client_addresses (address_id, city, street_address, postal_code, description) values (125, 'Kudowa-Zdrój', 'Energetyczna', '54-876', 'magazyn');
insert into client_addresses (address_id, city, street_address, postal_code, description) values (126, 'Syców', 'Jesionowa', '50-123', 'budowa');
insert into client_addresses (address_id, city, street_address, postal_code, description) values (127, 'Mirsk', 'Karola', '01-234', 'zaplecze');
insert into client_addresses (address_id, city, street_address, postal_code, description) values (128, 'Lubin', 'Rybacka', '01-234', 'budowa');
insert into client_addresses (address_id, city, street_address, postal_code, description) values (129, 'Węgliniec', 'Świerkowa', '34-123', 'zaplecze');
insert into client_addresses (address_id, city, street_address, postal_code, description) values (130, 'Boguszów-Gorce', 'Topolowa', '28-653', 'budowa');
insert into client_addresses (address_id, city, street_address, postal_code, description) values (131, 'Świdnica', 'Wiejska', '34-123', 'magazyn');
insert into client_addresses (address_id, city, street_address, postal_code, description) values (132, 'Świeradów-Zdrój', 'Dworska', '89-076', 'zaplecze');
insert into client_addresses (address_id, city, street_address, postal_code, description) values (133, 'Bardo', 'Spacerowa', '50-123', 'zaplecze');
insert into client_addresses (address_id, city, street_address, postal_code, description) values (134, 'Wołów', 'Augusta', '01-234', 'magazyn');
insert into client_addresses (address_id, city, street_address, postal_code, description) values (135, 'Piechowice', 'Obrońców Pokoju', '54-876', 'budowa');
insert into client_addresses (address_id, city, street_address, postal_code, description) values (136, 'Lubań', 'Spokojna', '89-076', 'budowa');
insert into client_addresses (address_id, city, street_address, postal_code, description) values (137, 'Chojnów', 'Krasińskiego', '54-876', 'magazyn');
insert into client_addresses (address_id, city, street_address, postal_code, description) values (138, 'Złotoryja', 'Złota', '50-123', 'magazyn');
insert into client_addresses (address_id, city, street_address, postal_code, description) values (139, 'Pieńsk', 'Adama', '89-076', 'zaplecze');
insert into client_addresses (address_id, city, street_address, postal_code, description) values (140, 'Zgorzelec', 'Zagajnik', '28-653', 'magazyn');
insert into client_addresses (address_id, city, street_address, postal_code, description) values (141, 'Brzeg Dolny', 'Cicha', '54-876', 'magazyn');
insert into client_addresses (address_id, city, street_address, postal_code, description) values (142, 'Strzegom', 'Staromłyńska', '34-123', 'budowa');
insert into client_addresses (address_id, city, street_address, postal_code, description) values (143, 'Środa Śląska', 'Wierzbowa', '50-123', 'zaplecze');
insert into client_addresses (address_id, city, street_address, postal_code, description) values (144, 'Lubin', 'Wrocławska', '28-653', 'zaplecze');
insert into client_addresses (address_id, city, street_address, postal_code, description) values (145, 'Bogatynia', 'Wałowa', '50-123', 'budowa');
insert into client_addresses (address_id, city, street_address, postal_code, description) values (146, 'Wołów', 'Handlowa', '50-123', 'magazyn');
insert into client_addresses (address_id, city, street_address, postal_code, description) values (147, 'Przemków', 'Kościelna', '54-876', 'budowa');
insert into client_addresses (address_id, city, street_address, postal_code, description) values (148, 'Głuszyca', 'Spacerowa', '01-234', 'budowa');
insert into client_addresses (address_id, city, street_address, postal_code, description) values (149, 'Kamienna Góra', 'Adama', '54-876', 'budowa');
insert into client_addresses (address_id, city, street_address, postal_code, description) values (150, 'Jelenia Góra', 'Magnoliowa', '28-653', 'magazyn');
insert into client_addresses (address_id, city, street_address, postal_code, description) values (151, 'Jawor', 'Zielona', '54-876', 'zaplecze');
insert into client_addresses (address_id, city, street_address, postal_code, description) values (152, 'Karpacz', 'Kamienna', '50-123', 'zaplecze');
insert into client_addresses (address_id, city, street_address, postal_code, description) values (153, 'Świeradów-Zdrój', 'Wrocławska', '89-076', 'magazyn');
insert into client_addresses (address_id, city, street_address, postal_code, description) values (154, 'Złoty Stok', 'Paprotna', '50-123', 'budowa');
insert into client_addresses (address_id, city, street_address, postal_code, description) values (155, 'Chocianów', 'Adama', '89-076', 'zaplecze');
insert into client_addresses (address_id, city, street_address, postal_code, description) values (156, 'Lwówek Śląski', 'Krzycka', '54-876', 'magazyn');
insert into client_addresses (address_id, city, street_address, postal_code, description) values (157, 'Milicz', 'Spacerowa', '50-123', 'budowa');
insert into client_addresses (address_id, city, street_address, postal_code, description) values (158, 'Milicz', 'Krasińskiego', '01-234', 'budowa');
insert into client_addresses (address_id, city, street_address, postal_code, description) values (159, 'Gryfów Śląski', 'Maja', '01-234', 'budowa');
insert into client_addresses (address_id, city, street_address, postal_code, description) values (160, 'Lubawka', 'Cicha', '01-234', 'budowa');
insert into client_addresses (address_id, city, street_address, postal_code, description) values (161, 'Kąty Wrocławskie', 'Miła', '50-123', 'budowa');
insert into client_addresses (address_id, city, street_address, postal_code, description) values (162, 'Dzierżoniów', 'Piekarska', '89-076', 'magazyn');
insert into client_addresses (address_id, city, street_address, postal_code, description) values (163, 'Ścinawa', 'Cicha', '28-653', 'zaplecze');
insert into client_addresses (address_id, city, street_address, postal_code, description) values (164, 'Syców', 'Cisowa', '01-234', 'magazyn');
insert into client_addresses (address_id, city, street_address, postal_code, description) values (165, 'Pieńsk', 'Balwierska', '28-653', 'magazyn');
insert into client_addresses (address_id, city, street_address, postal_code, description) values (166, 'Lądek-Zdrój', 'Dobra', '50-123', 'zaplecze');
insert into client_addresses (address_id, city, street_address, postal_code, description) values (167, 'Kowary', 'Dziadoszan', '54-876', 'zaplecze');
insert into client_addresses (address_id, city, street_address, postal_code, description) values (168, 'Bierutów', 'Suchowicka', '28-653', 'magazyn');
insert into client_addresses (address_id, city, street_address, postal_code, description) values (169, 'Oleśnica', 'Słowicza', '89-076', 'budowa');
insert into client_addresses (address_id, city, street_address, postal_code, description) values (170, 'Piława Górna', 'Wiejska', '89-076', 'budowa');
insert into client_addresses (address_id, city, street_address, postal_code, description) values (171, 'Nowogrodziec', 'Józefa', '01-234', 'zaplecze');
insert into client_addresses (address_id, city, street_address, postal_code, description) values (172, 'Świdnica', 'Mickiewicza', '28-653', 'zaplecze');
insert into client_addresses (address_id, city, street_address, postal_code, description) values (173, 'Bystrzyca Kłodzka', 'Polna', '50-123', 'magazyn');
insert into client_addresses (address_id, city, street_address, postal_code, description) values (174, 'Szczawno-Zdrój', 'Wiosenna', '28-653', 'magazyn');
insert into client_addresses (address_id, city, street_address, postal_code, description) values (175, 'Szczytna', 'Jaśminowa', '01-234', 'budowa');
insert into client_addresses (address_id, city, street_address, postal_code, description) values (176, 'Leśna', 'Obrońców Pokoju', '54-876', 'budowa');
insert into client_addresses (address_id, city, street_address, postal_code, description) values (177, 'Jawor', 'Suchowicka', '28-653', 'budowa');
insert into client_addresses (address_id, city, street_address, postal_code, description) values (178, 'Wąsosz', 'Magistracka', '28-653', 'magazyn');
insert into client_addresses (address_id, city, street_address, postal_code, description) values (179, 'Ścinawa', 'Modrzewiowa', '54-876', 'magazyn');
insert into client_addresses (address_id, city, street_address, postal_code, description) values (180, 'Bierutów', 'Poprzeczna', '89-076', 'budowa');
insert into client_addresses (address_id, city, street_address, postal_code, description) values (181, 'Gryfów Śląski', 'Bławatna', '28-653', 'magazyn');
insert into client_addresses (address_id, city, street_address, postal_code, description) values (182, 'Ziębice', 'Polna', '34-123', 'zaplecze');
insert into client_addresses (address_id, city, street_address, postal_code, description) values (183, 'Bolków', 'Malinowa', '28-653', 'zaplecze');
insert into client_addresses (address_id, city, street_address, postal_code, description) values (184, 'Oborniki Śląskie', 'Bławatna', '34-123', 'budowa');
insert into client_addresses (address_id, city, street_address, postal_code, description) values (185, 'Bolesławiec', 'Brzozowa', '01-234', 'magazyn');
insert into client_addresses (address_id, city, street_address, postal_code, description) values (186, 'Złoty Stok', 'Mickiewicza', '28-653', 'magazyn');
insert into client_addresses (address_id, city, street_address, postal_code, description) values (187, 'Ząbkowice Śląskie', 'Polna', '89-076', 'magazyn');
insert into client_addresses (address_id, city, street_address, postal_code, description) values (188, 'Polanica-Zdrój', 'Jesienna', '01-234', 'budowa');
insert into client_addresses (address_id, city, street_address, postal_code, description) values (189, 'Bogatynia', 'Świerkowa', '01-234', 'zaplecze');
insert into client_addresses (address_id, city, street_address, postal_code, description) values (190, 'Bolków', 'Jeszkowicka', '50-123', 'budowa');
insert into client_addresses (address_id, city, street_address, postal_code, description) values (191, 'Ząbkowice Śląskie', 'Jaśminowa', '01-234', 'zaplecze');
insert into client_addresses (address_id, city, street_address, postal_code, description) values (192, 'Mirsk', 'Maja', '54-876', 'budowa');
insert into client_addresses (address_id, city, street_address, postal_code, description) values (193, 'Chojnów', 'Polna', '89-076', 'magazyn');
insert into client_addresses (address_id, city, street_address, postal_code, description) values (194, 'Chojnów', 'Maja', '89-076', 'magazyn');
insert into client_addresses (address_id, city, street_address, postal_code, description) values (195, 'Lubomierz', 'Wita', '34-123', 'magazyn');
insert into client_addresses (address_id, city, street_address, postal_code, description) values (196, 'Sobótka', 'Krasińskiego', '50-123', 'budowa');
insert into client_addresses (address_id, city, street_address, postal_code, description) values (197, 'Strzegom', 'Cisawa', '28-653', 'magazyn');
insert into client_addresses (address_id, city, street_address, postal_code, description) values (198, 'Syców', 'Malinowa', '50-123', 'magazyn');
insert into client_addresses (address_id, city, street_address, postal_code, description) values (199, 'Prochowice', 'Świerkowa', '01-234', 'zaplecze');
insert into client_addresses (address_id, city, street_address, postal_code, description) values (200, 'Jaworzyna Śląska', 'Dworska', '34-123', 'zaplecze');

insert into warehouses (warehouse_id, city, street_address, postal_code) values (1, 'Bolków', 'Kolejowa', '12-345');
insert into warehouses (warehouse_id, city, street_address, postal_code) values (2, 'Jawor', 'Groszowiecka', '11-234');
insert into warehouses (warehouse_id, city, street_address, postal_code) values (3, 'Kowary', 'Kolejowa', '65-777');
insert into warehouses (warehouse_id, city, street_address, postal_code) values (4, 'Góra', 'Strefowa', '33-890');
insert into warehouses (warehouse_id, city, street_address, postal_code) values (5, 'Nowogrodziec', 'Strefowa', '12-345');
insert into warehouses (warehouse_id, city, street_address, postal_code) values (6, 'Karpacz', 'Wiejska', '32-112');
insert into warehouses (warehouse_id, city, street_address, postal_code) values (7, 'Głogów', 'Zielona', '23-654');
insert into warehouses (warehouse_id, city, street_address, postal_code) values (8, 'Karpacz', 'Relaksowa', '11-234');
insert into warehouses (warehouse_id, city, street_address, postal_code) values (9, 'Głogów', 'Cicha', '65-777');
insert into warehouses (warehouse_id, city, street_address, postal_code) values (10, 'Kowary', 'Wiejska', '12-345');
insert into warehouses (warehouse_id, city, street_address, postal_code) values (11, 'Jawor', 'Relaksowa', '67-876');
insert into warehouses (warehouse_id, city, street_address, postal_code) values (12, 'Bielawa', 'Wiejska', '11-234');
insert into warehouses (warehouse_id, city, street_address, postal_code) values (13, 'Nowogrodziec', 'Relaksowa', '56-897');
insert into warehouses (warehouse_id, city, street_address, postal_code) values (14, 'Nowogrodziec', 'Świerkowa', '65-777');
insert into warehouses (warehouse_id, city, street_address, postal_code) values (15, 'Niemcza', 'Zielona', '12-345');
insert into warehouses (warehouse_id, city, street_address, postal_code) values (16, 'Niemcza', 'Kolejowa', '33-890');
insert into warehouses (warehouse_id, city, street_address, postal_code) values (17, 'Piława Górna', 'Wiejska', '65-777');
insert into warehouses (warehouse_id, city, street_address, postal_code) values (18, 'Góra', 'Relaksowa', '89-099');
insert into warehouses (warehouse_id, city, street_address, postal_code) values (19, 'Bielawa', 'Kolejowa', '99-123');
insert into warehouses (warehouse_id, city, street_address, postal_code) values (20, 'Pieszyce', 'Targowa', '12-345');
insert into warehouses (warehouse_id, city, street_address, postal_code) values (21, 'Pieszyce', 'Wiejska', '44-777');
insert into warehouses (warehouse_id, city, street_address, postal_code) values (22, 'Góra', 'Strefowa', '67-876');
insert into warehouses (warehouse_id, city, street_address, postal_code) values (23, 'Nowogrodziec', 'Kolejowa', '44-777');
insert into warehouses (warehouse_id, city, street_address, postal_code) values (24, 'Bielawa', 'Wiejska', '33-890');
insert into warehouses (warehouse_id, city, street_address, postal_code) values (25, 'Głogów', 'Kolejowa', '65-777');
insert into warehouses (warehouse_id, city, street_address, postal_code) values (26, 'Pieszyce', 'Strefowa', '89-099');
insert into warehouses (warehouse_id, city, street_address, postal_code) values (27, 'Bolków', 'Kolejowa', '12-345');
insert into warehouses (warehouse_id, city, street_address, postal_code) values (28, 'Bielawa', 'Kolejowa', '44-777');
insert into warehouses (warehouse_id, city, street_address, postal_code) values (29, 'Niemcza', 'Groszowiecka', '67-876');
insert into warehouses (warehouse_id, city, street_address, postal_code) values (30, 'Niemcza', 'Groszowiecka', '11-234');
insert into warehouses (warehouse_id, city, street_address, postal_code) values (31, 'Dzierżoniów', 'Strefowa', '99-123');
insert into warehouses (warehouse_id, city, street_address, postal_code) values (32, 'Wąsosz', 'Cicha', '99-123');
insert into warehouses (warehouse_id, city, street_address, postal_code) values (33, 'Karpacz', 'Kolejowa', '12-345');
insert into warehouses (warehouse_id, city, street_address, postal_code) values (34, 'Nowogrodziec', 'Świerkowa', '89-099');
insert into warehouses (warehouse_id, city, street_address, postal_code) values (35, 'Dzierżoniów', 'Zielona', '12-345');
insert into warehouses (warehouse_id, city, street_address, postal_code) values (36, 'Głogów', 'Strefowa', '67-876');
insert into warehouses (warehouse_id, city, street_address, postal_code) values (37, 'Góra', 'Zielona', '23-654');
insert into warehouses (warehouse_id, city, street_address, postal_code) values (38, 'Karpacz', 'Wiejska', '23-654');
insert into warehouses (warehouse_id, city, street_address, postal_code) values (39, 'Niemcza', 'Świerkowa', '89-099');
insert into warehouses (warehouse_id, city, street_address, postal_code) values (40, 'Niemcza', 'Targowa', '12-345');
insert into warehouses (warehouse_id, city, street_address, postal_code) values (41, 'Dzierżoniów', 'Kolejowa', '23-654');
insert into warehouses (warehouse_id, city, street_address, postal_code) values (42, 'Góra', 'Relaksowa', '67-876');
insert into warehouses (warehouse_id, city, street_address, postal_code) values (43, 'Piława Górna', 'Cicha', '65-777');
insert into warehouses (warehouse_id, city, street_address, postal_code) values (44, 'Bielawa', 'Targowa', '12-345');
insert into warehouses (warehouse_id, city, street_address, postal_code) values (45, 'Dzierżoniów', 'Cicha', '44-777');
insert into warehouses (warehouse_id, city, street_address, postal_code) values (46, 'Niemcza', 'Targowa', '32-112');
insert into warehouses (warehouse_id, city, street_address, postal_code) values (47, 'Pieszyce', 'Strefowa', '67-876');
insert into warehouses (warehouse_id, city, street_address, postal_code) values (48, 'Góra', 'Cicha', '32-112');
insert into warehouses (warehouse_id, city, street_address, postal_code) values (49, 'Piława Górna', 'Kolejowa', '89-099');
insert into warehouses (warehouse_id, city, street_address, postal_code) values (50, 'Dzierżoniów', 'Strefowa', '12-345');
insert into warehouses (warehouse_id, city, street_address, postal_code) values (51, 'Nowogrodziec', 'Targowa', '32-112');
insert into warehouses (warehouse_id, city, street_address, postal_code) values (52, 'Kowary', 'Zielona', '33-890');
insert into warehouses (warehouse_id, city, street_address, postal_code) values (53, 'Wąsosz', 'Świerkowa', '32-112');
insert into warehouses (warehouse_id, city, street_address, postal_code) values (54, 'Wąsosz', 'Targowa', '99-123');
insert into warehouses (warehouse_id, city, street_address, postal_code) values (55, 'Jawor', 'Zielona', '89-099');
insert into warehouses (warehouse_id, city, street_address, postal_code) values (56, 'Kowary', 'Świerkowa', '99-123');
insert into warehouses (warehouse_id, city, street_address, postal_code) values (57, 'Pieszyce', 'Targowa', '87-123');
insert into warehouses (warehouse_id, city, street_address, postal_code) values (58, 'Góra', 'Kolejowa', '56-897');
insert into warehouses (warehouse_id, city, street_address, postal_code) values (59, 'Karpacz', 'Wiejska', '32-112');
insert into warehouses (warehouse_id, city, street_address, postal_code) values (60, 'Głogów', 'Zielona', '87-123');
insert into warehouses (warehouse_id, city, street_address, postal_code) values (61, 'Góra', 'Świerkowa', '56-897');
insert into warehouses (warehouse_id, city, street_address, postal_code) values (62, 'Nowogrodziec', 'Groszowiecka', '11-234');
insert into warehouses (warehouse_id, city, street_address, postal_code) values (63, 'Niemcza', 'Cicha', '12-345');
insert into warehouses (warehouse_id, city, street_address, postal_code) values (64, 'Piława Górna', 'Strefowa', '23-654');
insert into warehouses (warehouse_id, city, street_address, postal_code) values (65, 'Nowogrodziec', 'Świerkowa', '56-897');
insert into warehouses (warehouse_id, city, street_address, postal_code) values (66, 'Wąsosz', 'Strefowa', '99-123');
insert into warehouses (warehouse_id, city, street_address, postal_code) values (67, 'Jawor', 'Strefowa', '89-099');
insert into warehouses (warehouse_id, city, street_address, postal_code) values (68, 'Kowary', 'Świerkowa', '89-099');
insert into warehouses (warehouse_id, city, street_address, postal_code) values (69, 'Jawor', 'Cicha', '65-777');
insert into warehouses (warehouse_id, city, street_address, postal_code) values (70, 'Karpacz', 'Zielona', '12-345');
insert into warehouses (warehouse_id, city, street_address, postal_code) values (71, 'Nowogrodziec', 'Wiejska', '11-234');
insert into warehouses (warehouse_id, city, street_address, postal_code) values (72, 'Góra', 'Zielona', '89-099');
insert into warehouses (warehouse_id, city, street_address, postal_code) values (73, 'Piława Górna', 'Zielona', '23-654');
insert into warehouses (warehouse_id, city, street_address, postal_code) values (74, 'Niemcza', 'Kolejowa', '11-234');
insert into warehouses (warehouse_id, city, street_address, postal_code) values (75, 'Piława Górna', 'Relaksowa', '44-777');
insert into warehouses (warehouse_id, city, street_address, postal_code) values (76, 'Bolków', 'Targowa', '32-112');
insert into warehouses (warehouse_id, city, street_address, postal_code) values (77, 'Jawor', 'Kolejowa', '11-234');
insert into warehouses (warehouse_id, city, street_address, postal_code) values (78, 'Piława Górna', 'Wiejska', '56-897');
insert into warehouses (warehouse_id, city, street_address, postal_code) values (79, 'Jawor', 'Kolejowa', '56-897');
insert into warehouses (warehouse_id, city, street_address, postal_code) values (80, 'Bolków', 'Wiejska', '44-777');
insert into warehouses (warehouse_id, city, street_address, postal_code) values (81, 'Bolków', 'Groszowiecka', '12-345');
insert into warehouses (warehouse_id, city, street_address, postal_code) values (82, 'Pieszyce', 'Zielona', '12-345');
insert into warehouses (warehouse_id, city, street_address, postal_code) values (83, 'Bolków', 'Kolejowa', '67-876');
insert into warehouses (warehouse_id, city, street_address, postal_code) values (84, 'Głogów', 'Zielona', '87-123');
insert into warehouses (warehouse_id, city, street_address, postal_code) values (85, 'Wąsosz', 'Strefowa', '89-099');
insert into warehouses (warehouse_id, city, street_address, postal_code) values (86, 'Jawor', 'Wiejska', '12-345');
insert into warehouses (warehouse_id, city, street_address, postal_code) values (87, 'Jawor', 'Strefowa', '87-123');
insert into warehouses (warehouse_id, city, street_address, postal_code) values (88, 'Wąsosz', 'Groszowiecka', '12-345');
insert into warehouses (warehouse_id, city, street_address, postal_code) values (89, 'Dzierżoniów', 'Świerkowa', '23-654');
insert into warehouses (warehouse_id, city, street_address, postal_code) values (90, 'Bolków', 'Cicha', '89-099');
insert into warehouses (warehouse_id, city, street_address, postal_code) values (91, 'Dzierżoniów', 'Relaksowa', '12-345');
insert into warehouses (warehouse_id, city, street_address, postal_code) values (92, 'Piława Górna', 'Zielona', '87-123');
insert into warehouses (warehouse_id, city, street_address, postal_code) values (93, 'Kowary', 'Wiejska', '11-234');
insert into warehouses (warehouse_id, city, street_address, postal_code) values (94, 'Pieszyce', 'Cicha', '32-112');
insert into warehouses (warehouse_id, city, street_address, postal_code) values (95, 'Bielawa', 'Relaksowa', '23-654');
insert into warehouses (warehouse_id, city, street_address, postal_code) values (96, 'Głogów', 'Cicha', '44-777');
insert into warehouses (warehouse_id, city, street_address, postal_code) values (97, 'Pieszyce', 'Wiejska', '32-112');
insert into warehouses (warehouse_id, city, street_address, postal_code) values (98, 'Kowary', 'Wiejska', '12-345');
insert into warehouses (warehouse_id, city, street_address, postal_code) values (99, 'Bielawa', 'Wiejska', '11-234');
insert into warehouses (warehouse_id, city, street_address, postal_code) values (100, 'Bolków', 'Relaksowa', '23-654');

insert into shops (shop_id, surface, warehouse_id, city, street_address, postal_code) values (1, 107, 1, 'Bogatynia', '', '21-878');
insert into shops (shop_id, surface, warehouse_id, city, street_address, postal_code) values (2, 176, 2, 'Środa Śląska', 'Ignacego', '99-414');
insert into shops (shop_id, surface, warehouse_id, city, street_address, postal_code) values (3, 93, 3, 'Żarów', 'Zielona', '78-443');
insert into shops (shop_id, surface, warehouse_id, city, street_address, postal_code) values (4, 172, 4, 'Żmigród', 'Jesienna', '04-695');
insert into shops (shop_id, surface, warehouse_id, city, street_address, postal_code) values (5, 101, 5, 'Strzegom', 'Cicha', '97-096');
insert into shops (shop_id, surface, warehouse_id, city, street_address, postal_code) values (6, 98, 6, 'Oława', 'Cisawa', '51-926');
insert into shops (shop_id, surface, warehouse_id, city, street_address, postal_code) values (7, 125, 7, 'Przemków', 'Perseusza', '23-640');
insert into shops (shop_id, surface, warehouse_id, city, street_address, postal_code) values (8, 79, 8, 'Polkowice', 'Letnia', '13-094');
insert into shops (shop_id, surface, warehouse_id, city, street_address, postal_code) values (9, 61, 9, 'Zgorzelec', 'Paderewskiego', '39-176');
insert into shops (shop_id, surface, warehouse_id, city, street_address, postal_code) values (10, 79, 10, 'Szczawno-Zdrój', 'Wita', '70-331');
insert into shops (shop_id, surface, warehouse_id, city, street_address, postal_code) values (11, 164, 11, 'Jelenia Góra', 'Ignacego', '21-878');
insert into shops (shop_id, surface, warehouse_id, city, street_address, postal_code) values (12, 187, 12, 'Strzelin', 'Topolowa', '77-370');
insert into shops (shop_id, surface, warehouse_id, city, street_address, postal_code) values (13, 173, 13, 'Ząbkowice Śląskie', 'Obrońców Pokoju', '44-301');
insert into shops (shop_id, surface, warehouse_id, city, street_address, postal_code) values (14, 107, 14, 'Złoty Stok', '', '33-148');
insert into shops (shop_id, surface, warehouse_id, city, street_address, postal_code) values (15, 127, 15, 'Zawidów', 'Biała', '01-721');
insert into shops (shop_id, surface, warehouse_id, city, street_address, postal_code) values (16, 147, 16, 'Jelcz-Laskowice', 'Zielona', '62-239');
insert into shops (shop_id, surface, warehouse_id, city, street_address, postal_code) values (17, 146, 17, 'Żarów', 'Piekarska', '53-866');
insert into shops (shop_id, surface, warehouse_id, city, street_address, postal_code) values (18, 95, 18, 'Przemków', 'Obrońców Pokoju', '52-094');
insert into shops (shop_id, surface, warehouse_id, city, street_address, postal_code) values (19, 92, 19, 'Przemków', 'Tenisowa', '80-106');
insert into shops (shop_id, surface, warehouse_id, city, street_address, postal_code) values (20, 78, 20, 'Węgliniec', 'Letnia', '63-600');
insert into shops (shop_id, surface, warehouse_id, city, street_address, postal_code) values (21, 114, 21, 'Ząbkowice Śląskie', 'Ślusarska', '68-231');
insert into shops (shop_id, surface, warehouse_id, city, street_address, postal_code) values (22, 59, 22, 'Pieńsk', 'Żarkowska', '52-104');
insert into shops (shop_id, surface, warehouse_id, city, street_address, postal_code) values (23, 190, 23, 'Środa Śląska', 'Obrońców Pokoju', '07-684');
insert into shops (shop_id, surface, warehouse_id, city, street_address, postal_code) values (24, 166, 24, 'Przemków', 'Wiejska', '60-784');
insert into shops (shop_id, surface, warehouse_id, city, street_address, postal_code) values (25, 104, 25, 'Środa Śląska', 'Piekarska', '12-145');
insert into shops (shop_id, surface, warehouse_id, city, street_address, postal_code) values (26, 94, 26, 'Głuszyca', 'Zielona', '74-801');
insert into shops (shop_id, surface, warehouse_id, city, street_address, postal_code) values (27, 104, 27, 'Kąty Wrocławskie', 'Cicha', '12-791');
insert into shops (shop_id, surface, warehouse_id, city, street_address, postal_code) values (28, 126, 28, 'Wiązów', 'Wiejska', '81-183');
insert into shops (shop_id, surface, warehouse_id, city, street_address, postal_code) values (29, 178, 29, 'Złoty Stok', 'Obrońców Pokoju', '81-183');
insert into shops (shop_id, surface, warehouse_id, city, street_address, postal_code) values (30, 54, 30, 'Kąty Wrocławskie', 'Amarantowa', '92-033');
insert into shops (shop_id, surface, warehouse_id, city, street_address, postal_code) values (31, 101, 31, 'Sobótka', 'Wita', '62-239');
insert into shops (shop_id, surface, warehouse_id, city, street_address, postal_code) values (32, 57, 32, 'Szczawno-Zdrój', 'Topolowa', '88-884');
insert into shops (shop_id, surface, warehouse_id, city, street_address, postal_code) values (33, 70, 33, 'Zawidów', 'Letnia', '23-989');
insert into shops (shop_id, surface, warehouse_id, city, street_address, postal_code) values (34, 96, 34, 'Bogatynia', 'Dobra', '61-140');
insert into shops (shop_id, surface, warehouse_id, city, street_address, postal_code) values (35, 61, 35, 'Węgliniec', 'Ignacego', '60-784');
insert into shops (shop_id, surface, warehouse_id, city, street_address, postal_code) values (36, 66, 36, 'Pieńsk', 'Tenisowa', '64-716');
insert into shops (shop_id, surface, warehouse_id, city, street_address, postal_code) values (37, 93, 37, 'Węgliniec', 'Letnia', '06-836');
insert into shops (shop_id, surface, warehouse_id, city, street_address, postal_code) values (38, 97, 38, 'Boguszów-Gorce', 'Cicha', '80-648');
insert into shops (shop_id, surface, warehouse_id, city, street_address, postal_code) values (39, 116, 39, 'Wiązów', 'Kolejowa', '51-926');
insert into shops (shop_id, surface, warehouse_id, city, street_address, postal_code) values (40, 90, 40, 'Prusice', 'Bursztynowa', '43-209');
insert into shops (shop_id, surface, warehouse_id, city, street_address, postal_code) values (41, 181, 41, 'Sobótka', 'Biała', '43-986');
insert into shops (shop_id, surface, warehouse_id, city, street_address, postal_code) values (42, 150, 42, 'Siechnice', 'Zielona', '47-425');
insert into shops (shop_id, surface, warehouse_id, city, street_address, postal_code) values (43, 128, 43, 'Jedlina-Zdrój', 'Topolowa', '24-859');
insert into shops (shop_id, surface, warehouse_id, city, street_address, postal_code) values (44, 174, 44, 'Jelenia Góra', 'Poczdamska', '13-842');
insert into shops (shop_id, surface, warehouse_id, city, street_address, postal_code) values (45, 169, 45, 'Złoty Stok', 'Maja', '68-231');
insert into shops (shop_id, surface, warehouse_id, city, street_address, postal_code) values (46, 146, 46, 'Siechnice', 'Perseusza', '33-148');
insert into shops (shop_id, surface, warehouse_id, city, street_address, postal_code) values (47, 154, 47, 'Ziębice', 'Świerkowa', '78-443');
insert into shops (shop_id, surface, warehouse_id, city, street_address, postal_code) values (48, 130, 48, 'Zgorzelec', 'Ignacego', '05-867');
insert into shops (shop_id, surface, warehouse_id, city, street_address, postal_code) values (49, 180, 49, 'Strzelin', 'Kolejowa', '29-446');
insert into shops (shop_id, surface, warehouse_id, city, street_address, postal_code) values (50, 197, 50, 'Chocianów', 'Poczdamska', '64-703');
insert into shops (shop_id, surface, warehouse_id, city, street_address, postal_code) values (51, 176, 51, 'Szczawno-Zdrój', 'Cicha', '70-331');
insert into shops (shop_id, surface, warehouse_id, city, street_address, postal_code) values (52, 165, 52, 'Środa Śląska', 'Stwosza', '92-033');
insert into shops (shop_id, surface, warehouse_id, city, street_address, postal_code) values (53, 196, 53, 'Zawidów', 'Jesienna', '81-183');
insert into shops (shop_id, surface, warehouse_id, city, street_address, postal_code) values (54, 51, 54, 'Zgorzelec', 'Zielona', '74-588');
insert into shops (shop_id, surface, warehouse_id, city, street_address, postal_code) values (55, 136, 55, 'Wojcieszów', 'Królewska', '33-524');
insert into shops (shop_id, surface, warehouse_id, city, street_address, postal_code) values (56, 123, 56, 'Złoty Stok', 'Maja', '51-926');
insert into shops (shop_id, surface, warehouse_id, city, street_address, postal_code) values (57, 122, 57, 'Złoty Stok', 'Cytrynowa', '43-531');
insert into shops (shop_id, surface, warehouse_id, city, street_address, postal_code) values (58, 116, 58, 'Strzegom', 'Poczdamska', '58-998');
insert into shops (shop_id, surface, warehouse_id, city, street_address, postal_code) values (59, 191, 59, 'Sobótka', 'Perseusza', '73-749');
insert into shops (shop_id, surface, warehouse_id, city, street_address, postal_code) values (60, 69, 60, 'Polkowice', 'Karola', '23-931');
insert into shops (shop_id, surface, warehouse_id, city, street_address, postal_code) values (61, 63, 61, 'Złoty Stok', 'Wita', '05-867');
insert into shops (shop_id, surface, warehouse_id, city, street_address, postal_code) values (62, 80, 62, 'Wiązów', 'Paderewskiego', '24-859');
insert into shops (shop_id, surface, warehouse_id, city, street_address, postal_code) values (63, 196, 63, 'Szczawno-Zdrój', 'Biała', '85-087');
insert into shops (shop_id, surface, warehouse_id, city, street_address, postal_code) values (64, 56, 64, 'Głuszyca', 'Zielona', '53-292');
insert into shops (shop_id, surface, warehouse_id, city, street_address, postal_code) values (65, 61, 65, 'Mieroszów', 'Obrońców Pokoju', '40-045');
insert into shops (shop_id, surface, warehouse_id, city, street_address, postal_code) values (66, 193, 66, 'Kąty Wrocławskie', 'Kolejowa', '66-696');
insert into shops (shop_id, surface, warehouse_id, city, street_address, postal_code) values (67, 122, 67, 'Złotoryja', 'Kolejowa', '40-045');
insert into shops (shop_id, surface, warehouse_id, city, street_address, postal_code) values (68, 189, 68, 'Głuszyca', 'Wiejska', '77-370');
insert into shops (shop_id, surface, warehouse_id, city, street_address, postal_code) values (69, 153, 69, 'Mieroszów', 'Balwierska', '05-867');
insert into shops (shop_id, surface, warehouse_id, city, street_address, postal_code) values (70, 96, 70, 'Trzebnica', 'Królewska', '47-425');
insert into shops (shop_id, surface, warehouse_id, city, street_address, postal_code) values (71, 110, 71, 'Żarów', 'Wałowa', '23-931');
insert into shops (shop_id, surface, warehouse_id, city, street_address, postal_code) values (72, 85, 72, 'Wiązów', 'Kolejowa', '79-662');
insert into shops (shop_id, surface, warehouse_id, city, street_address, postal_code) values (73, 200, 73, 'Przemków', 'Poczdamska', '02-952');
insert into shops (shop_id, surface, warehouse_id, city, street_address, postal_code) values (74, 178, 74, 'Żmigród', 'Tenisowa', '52-956');
insert into shops (shop_id, surface, warehouse_id, city, street_address, postal_code) values (75, 61, 75, 'Świebodzice', 'Kolejowa', '07-684');
insert into shops (shop_id, surface, warehouse_id, city, street_address, postal_code) values (76, 76, 76, 'Kąty Wrocławskie', 'Świerkowa', '73-749');
insert into shops (shop_id, surface, warehouse_id, city, street_address, postal_code) values (77, 95, 77, 'Węgliniec', 'Letnia', '58-998');
insert into shops (shop_id, surface, warehouse_id, city, street_address, postal_code) values (78, 160, 78, 'Bardo', 'Kolejowa', '21-878');
insert into shops (shop_id, surface, warehouse_id, city, street_address, postal_code) values (79, 74, 79, 'Siechnice', 'Cicha', '76-542');
insert into shops (shop_id, surface, warehouse_id, city, street_address, postal_code) values (80, 60, 80, 'Boguszów-Gorce', 'Topolowa', '06-910');
insert into shops (shop_id, surface, warehouse_id, city, street_address, postal_code) values (81, 102, 81, 'Żarów', 'Cytrynowa', '59-332');
insert into shops (shop_id, surface, warehouse_id, city, street_address, postal_code) values (82, 55, 82, 'Sobótka', 'Amarantowa', '70-331');
insert into shops (shop_id, surface, warehouse_id, city, street_address, postal_code) values (83, 181, 83, 'Złoty Stok', 'Paderewskiego', '66-696');
insert into shops (shop_id, surface, warehouse_id, city, street_address, postal_code) values (84, 138, 84, 'Zgorzelec', 'Karola', '26-080');
insert into shops (shop_id, surface, warehouse_id, city, street_address, postal_code) values (85, 99, 85, 'Żarów', 'Tenisowa', '64-472');
insert into shops (shop_id, surface, warehouse_id, city, street_address, postal_code) values (86, 191, 86, 'Bardo', 'Amarantowa', '76-463');
insert into shops (shop_id, surface, warehouse_id, city, street_address, postal_code) values (87, 120, 87, 'Mieroszów', 'Świerkowa', '76-463');
insert into shops (shop_id, surface, warehouse_id, city, street_address, postal_code) values (88, 160, 88, 'Boguszów-Gorce', 'Jesienna', '05-305');
insert into shops (shop_id, surface, warehouse_id, city, street_address, postal_code) values (89, 184, 89, 'Siechnice', 'Topolowa', '28-249');
insert into shops (shop_id, surface, warehouse_id, city, street_address, postal_code) values (90, 195, 90, 'Węgliniec', 'Karola', '12-791');
insert into shops (shop_id, surface, warehouse_id, city, street_address, postal_code) values (91, 185, 91, 'Świerzawa', 'Batalionów Chłopskich', '51-926');
insert into shops (shop_id, surface, warehouse_id, city, street_address, postal_code) values (92, 110, 92, 'Bardo', 'Stwosza', '53-719');
insert into shops (shop_id, surface, warehouse_id, city, street_address, postal_code) values (93, 179, 93, 'Polkowice', 'Balwierska', '43-209');
insert into shops (shop_id, surface, warehouse_id, city, street_address, postal_code) values (94, 136, 94, 'Brzeg Dolny', 'Jesienna', '11-049');
insert into shops (shop_id, surface, warehouse_id, city, street_address, postal_code) values (95, 67, 95, 'Wojcieszów', 'Bursztynowa', '57-966');
insert into shops (shop_id, surface, warehouse_id, city, street_address, postal_code) values (96, 126, 96, 'Szczawno-Zdrój', 'Szymanowskiego', '73-749');
insert into shops (shop_id, surface, warehouse_id, city, street_address, postal_code) values (97, 154, 97, 'Złoty Stok', 'Biała', '64-716');
insert into shops (shop_id, surface, warehouse_id, city, street_address, postal_code) values (98, 79, 98, 'Trzebnica', 'Tenisowa', '03-308');
insert into shops (shop_id, surface, warehouse_id, city, street_address, postal_code) values (99, 118, 99, 'Zawidów', 'Żarkowska', '88-884');
insert into shops (shop_id, surface, warehouse_id, city, street_address, postal_code) values (100, 115, 100, 'Bardo', 'Wiejska', '97-425');

insert into orders (order_id, client_id, products, shop_id, order_date, order_status) values (1, 288, ARRAY [59], 29, '7/1/2020', 2);
insert into orders (order_id, client_id, products, shop_id, order_date, order_status) values (2, 173, ARRAY [20], 74, '12/21/2020', 1);
insert into orders (order_id, client_id, products, shop_id, order_date, order_status) values (3, 250, ARRAY [64], 33, '3/5/2021', 5);
insert into orders (order_id, client_id, products, shop_id, order_date, order_status) values (4, 183, ARRAY [93], 6, '4/15/2021', 2);
insert into orders (order_id, client_id, products, shop_id, order_date, order_status) values (5, 131, ARRAY [60], 50, '9/16/2020', 3);
insert into orders (order_id, client_id, products, shop_id, order_date, order_status) values (6, 117, ARRAY [100], 100, '8/21/2020', 2);
insert into orders (order_id, client_id, products, shop_id, order_date, order_status) values (7, 119, ARRAY [66], 25, '4/2/2021', 2);
insert into orders (order_id, client_id, products, shop_id, order_date, order_status) values (8, 1, ARRAY [13], 37, '6/24/2020', 3);
insert into orders (order_id, client_id, products, shop_id, order_date, order_status) values (9, 269, ARRAY [37], 47, '2/14/2021', 5);
insert into orders (order_id, client_id, products, shop_id, order_date, order_status) values (10, 245, ARRAY [71], 75, '7/27/2020', 2);
insert into orders (order_id, client_id, products, shop_id, order_date, order_status) values (11, 105, ARRAY [49], 2, '9/2/2020', 5);
insert into orders (order_id, client_id, products, shop_id, order_date, order_status) values (12, 73, ARRAY [14], 61, '2/7/2021', 5);
insert into orders (order_id, client_id, products, shop_id, order_date, order_status) values (13, 119, ARRAY [35], 68, '10/6/2020', 2);
insert into orders (order_id, client_id, products, shop_id, order_date, order_status) values (14, 243, ARRAY [96], 88, '10/11/2020', 5);
insert into orders (order_id, client_id, products, shop_id, order_date, order_status) values (15, 61, ARRAY [97], 48, '10/13/2020', 2);
insert into orders (order_id, client_id, products, shop_id, order_date, order_status) values (16, 80, ARRAY [11], 17, '4/8/2021', 5);
insert into orders (order_id, client_id, products, shop_id, order_date, order_status) values (17, 63, ARRAY [100], 28, '11/2/2020', 4);
insert into orders (order_id, client_id, products, shop_id, order_date, order_status) values (18, 236, ARRAY [30], 85, '1/2/2021', 1);
insert into orders (order_id, client_id, products, shop_id, order_date, order_status) values (19, 122, ARRAY [60], 55, '8/27/2020', 4);
insert into orders (order_id, client_id, products, shop_id, order_date, order_status) values (20, 196, ARRAY [81], 19, '1/15/2021', 5);
insert into orders (order_id, client_id, products, shop_id, order_date, order_status) values (21, 146, ARRAY [59], 46, '11/4/2020', 1);
insert into orders (order_id, client_id, products, shop_id, order_date, order_status) values (22, 84, ARRAY [43], 39, '6/21/2020', 4);
insert into orders (order_id, client_id, products, shop_id, order_date, order_status) values (23, 86, ARRAY [31], 44, '4/26/2021', 5);
insert into orders (order_id, client_id, products, shop_id, order_date, order_status) values (24, 46, ARRAY [39], 80, '8/2/2020', 2);
insert into orders (order_id, client_id, products, shop_id, order_date, order_status) values (25, 107, ARRAY [85], 87, '4/25/2021', 1);
insert into orders (order_id, client_id, products, shop_id, order_date, order_status) values (26, 294, ARRAY [96], 40, '8/23/2020', 5);
insert into orders (order_id, client_id, products, shop_id, order_date, order_status) values (27, 66, ARRAY [35], 23, '5/11/2021', 3);
insert into orders (order_id, client_id, products, shop_id, order_date, order_status) values (28, 258, ARRAY [1], 3, '9/18/2020', 1);
insert into orders (order_id, client_id, products, shop_id, order_date, order_status) values (29, 63, ARRAY [68], 67, '5/9/2021', 4);
insert into orders (order_id, client_id, products, shop_id, order_date, order_status) values (30, 121, ARRAY [57], 14, '1/29/2021', 4);
insert into orders (order_id, client_id, products, shop_id, order_date, order_status) values (31, 6, ARRAY [37], 100, '3/31/2021', 2);
insert into orders (order_id, client_id, products, shop_id, order_date, order_status) values (32, 182, ARRAY [53], 100, '5/13/2021', 3);
insert into orders (order_id, client_id, products, shop_id, order_date, order_status) values (33, 143, ARRAY [9], 39, '10/20/2020', 3);
insert into orders (order_id, client_id, products, shop_id, order_date, order_status) values (34, 72, ARRAY [83], 8, '5/24/2020', 2);
insert into orders (order_id, client_id, products, shop_id, order_date, order_status) values (35, 9, ARRAY [73], 8, '6/25/2020', 4);
insert into orders (order_id, client_id, products, shop_id, order_date, order_status) values (36, 124, ARRAY [80], 93, '8/19/2020', 2);
insert into orders (order_id, client_id, products, shop_id, order_date, order_status) values (37, 149, ARRAY [73], 66, '2/23/2021', 4);
insert into orders (order_id, client_id, products, shop_id, order_date, order_status) values (38, 66, ARRAY [6], 45, '5/29/2020', 3);
insert into orders (order_id, client_id, products, shop_id, order_date, order_status) values (39, 146, ARRAY [62], 11, '9/2/2020', 2);
insert into orders (order_id, client_id, products, shop_id, order_date, order_status) values (40, 93, ARRAY [17], 76, '5/24/2020', 4);
insert into orders (order_id, client_id, products, shop_id, order_date, order_status) values (41, 133, ARRAY [29], 1, '9/5/2020', 1);
insert into orders (order_id, client_id, products, shop_id, order_date, order_status) values (42, 152, ARRAY [31], 59, '8/13/2020', 2);
insert into orders (order_id, client_id, products, shop_id, order_date, order_status) values (43, 162, ARRAY [41], 25, '6/5/2020', 4);
insert into orders (order_id, client_id, products, shop_id, order_date, order_status) values (44, 54, ARRAY [59], 93, '5/30/2020', 1);
insert into orders (order_id, client_id, products, shop_id, order_date, order_status) values (45, 197, ARRAY [37], 64, '9/13/2020', 4);
insert into orders (order_id, client_id, products, shop_id, order_date, order_status) values (46, 271, ARRAY [85], 33, '5/31/2020', 3);
insert into orders (order_id, client_id, products, shop_id, order_date, order_status) values (47, 6, ARRAY [96], 59, '3/6/2021', 4);
insert into orders (order_id, client_id, products, shop_id, order_date, order_status) values (48, 299, ARRAY [39], 22, '2/25/2021', 2);
insert into orders (order_id, client_id, products, shop_id, order_date, order_status) values (49, 128, ARRAY [46], 42, '3/22/2021', 5);
insert into orders (order_id, client_id, products, shop_id, order_date, order_status) values (50, 272, ARRAY [12], 95, '6/16/2020', 4);
insert into orders (order_id, client_id, products, shop_id, order_date, order_status) values (51, 90, ARRAY [31], 61, '3/13/2021', 1);
insert into orders (order_id, client_id, products, shop_id, order_date, order_status) values (52, 78, ARRAY [16], 59, '9/18/2020', 3);
insert into orders (order_id, client_id, products, shop_id, order_date, order_status) values (53, 59, ARRAY [94], 55, '8/23/2020', 1);
insert into orders (order_id, client_id, products, shop_id, order_date, order_status) values (54, 160, ARRAY [63], 82, '3/12/2021', 5);
insert into orders (order_id, client_id, products, shop_id, order_date, order_status) values (55, 283, ARRAY [56], 55, '11/13/2020', 4);
insert into orders (order_id, client_id, products, shop_id, order_date, order_status) values (56, 244, ARRAY [93], 39, '11/13/2020', 2);
insert into orders (order_id, client_id, products, shop_id, order_date, order_status) values (57, 83, ARRAY [36], 18, '6/30/2020', 1);
insert into orders (order_id, client_id, products, shop_id, order_date, order_status) values (58, 112, ARRAY [1], 18, '5/4/2021', 5);
insert into orders (order_id, client_id, products, shop_id, order_date, order_status) values (59, 57, ARRAY [92], 22, '3/24/2021', 5);
insert into orders (order_id, client_id, products, shop_id, order_date, order_status) values (60, 288, ARRAY [92], 87, '5/13/2021', 4);
insert into orders (order_id, client_id, products, shop_id, order_date, order_status) values (61, 102, ARRAY [15], 95, '12/5/2020', 3);
insert into orders (order_id, client_id, products, shop_id, order_date, order_status) values (62, 166, ARRAY [87], 15, '10/27/2020', 2);
insert into orders (order_id, client_id, products, shop_id, order_date, order_status) values (63, 56, ARRAY [26], 18, '6/3/2020', 5);
insert into orders (order_id, client_id, products, shop_id, order_date, order_status) values (64, 274, ARRAY [41], 70, '7/1/2020', 5);
insert into orders (order_id, client_id, products, shop_id, order_date, order_status) values (65, 78, ARRAY [89], 43, '1/13/2021', 4);
insert into orders (order_id, client_id, products, shop_id, order_date, order_status) values (66, 73, ARRAY [4], 100, '5/31/2020', 1);
insert into orders (order_id, client_id, products, shop_id, order_date, order_status) values (67, 37, ARRAY [30], 60, '6/26/2020', 3);
insert into orders (order_id, client_id, products, shop_id, order_date, order_status) values (68, 189, ARRAY [34], 81, '9/6/2020', 4);
insert into orders (order_id, client_id, products, shop_id, order_date, order_status) values (69, 215, ARRAY [77], 78, '4/19/2021', 1);
insert into orders (order_id, client_id, products, shop_id, order_date, order_status) values (70, 208, ARRAY [57], 67, '2/18/2021', 3);
insert into orders (order_id, client_id, products, shop_id, order_date, order_status) values (71, 255, ARRAY [23], 91, '9/6/2020', 2);
insert into orders (order_id, client_id, products, shop_id, order_date, order_status) values (72, 165, ARRAY [57], 46, '10/2/2020', 5);
insert into orders (order_id, client_id, products, shop_id, order_date, order_status) values (73, 152, ARRAY [4], 48, '1/19/2021', 1);
insert into orders (order_id, client_id, products, shop_id, order_date, order_status) values (74, 179, ARRAY [78], 31, '8/17/2020', 3);
insert into orders (order_id, client_id, products, shop_id, order_date, order_status) values (75, 127, ARRAY [78], 93, '1/16/2021', 1);
insert into orders (order_id, client_id, products, shop_id, order_date, order_status) values (76, 22, ARRAY [55], 89, '10/27/2020', 5);
insert into orders (order_id, client_id, products, shop_id, order_date, order_status) values (77, 50, ARRAY [56], 97, '5/9/2021', 1);
insert into orders (order_id, client_id, products, shop_id, order_date, order_status) values (78, 294, ARRAY [12], 71, '10/16/2020', 2);
insert into orders (order_id, client_id, products, shop_id, order_date, order_status) values (79, 291, ARRAY [49], 98, '6/8/2020', 4);
insert into orders (order_id, client_id, products, shop_id, order_date, order_status) values (80, 145, ARRAY [3], 97, '4/24/2021', 4);
insert into orders (order_id, client_id, products, shop_id, order_date, order_status) values (81, 253, ARRAY [37], 78, '5/21/2021', 1);
insert into orders (order_id, client_id, products, shop_id, order_date, order_status) values (82, 273, ARRAY [64], 77, '1/29/2021', 4);
insert into orders (order_id, client_id, products, shop_id, order_date, order_status) values (83, 50, ARRAY [77], 84, '8/26/2020', 3);
insert into orders (order_id, client_id, products, shop_id, order_date, order_status) values (84, 156, ARRAY [24], 44, '9/23/2020', 4);
insert into orders (order_id, client_id, products, shop_id, order_date, order_status) values (85, 95, ARRAY [76], 92, '1/7/2021', 2);
insert into orders (order_id, client_id, products, shop_id, order_date, order_status) values (86, 285, ARRAY [97], 34, '11/9/2020', 5);
insert into orders (order_id, client_id, products, shop_id, order_date, order_status) values (87, 235, ARRAY [5], 64, '7/12/2020', 1);
insert into orders (order_id, client_id, products, shop_id, order_date, order_status) values (88, 280, ARRAY [58], 94, '3/12/2021', 4);
insert into orders (order_id, client_id, products, shop_id, order_date, order_status) values (89, 123, ARRAY [87], 9, '6/6/2020', 3);
insert into orders (order_id, client_id, products, shop_id, order_date, order_status) values (90, 58, ARRAY [26], 85, '5/7/2021', 3);
insert into orders (order_id, client_id, products, shop_id, order_date, order_status) values (91, 272, ARRAY [28], 77, '11/22/2020', 4);
insert into orders (order_id, client_id, products, shop_id, order_date, order_status) values (92, 55, ARRAY [93], 10, '8/24/2020', 4);
insert into orders (order_id, client_id, products, shop_id, order_date, order_status) values (93, 78, ARRAY [85], 37, '10/15/2020', 5);
insert into orders (order_id, client_id, products, shop_id, order_date, order_status) values (94, 29, ARRAY [44], 34, '11/20/2020', 3);
insert into orders (order_id, client_id, products, shop_id, order_date, order_status) values (95, 10, ARRAY [14], 38, '3/27/2021', 4);
insert into orders (order_id, client_id, products, shop_id, order_date, order_status) values (96, 131, ARRAY [19], 60, '2/15/2021', 1);
insert into orders (order_id, client_id, products, shop_id, order_date, order_status) values (97, 169, ARRAY [30], 100, '7/9/2020', 5);
insert into orders (order_id, client_id, products, shop_id, order_date, order_status) values (98, 246, ARRAY [57], 2, '10/12/2020', 4);
insert into orders (order_id, client_id, products, shop_id, order_date, order_status) values (99, 217, ARRAY [28], 62, '8/10/2020', 1);
insert into orders (order_id, client_id, products, shop_id, order_date, order_status) values (100, 217, ARRAY [35], 95, '4/28/2021', 3);
insert into orders (order_id, client_id, products, shop_id, order_date, order_status) values (101, 212, ARRAY [87], 6, '2/10/2021', 2);
insert into orders (order_id, client_id, products, shop_id, order_date, order_status) values (102, 58, ARRAY [38], 69, '3/14/2021', 2);
insert into orders (order_id, client_id, products, shop_id, order_date, order_status) values (103, 148, ARRAY [57], 58, '9/21/2020', 5);
insert into orders (order_id, client_id, products, shop_id, order_date, order_status) values (104, 12, ARRAY [84], 40, '11/11/2020', 1);
insert into orders (order_id, client_id, products, shop_id, order_date, order_status) values (105, 223, ARRAY [97], 83, '2/13/2021', 2);
insert into orders (order_id, client_id, products, shop_id, order_date, order_status) values (106, 52, ARRAY [50], 20, '10/13/2020', 5);
insert into orders (order_id, client_id, products, shop_id, order_date, order_status) values (107, 120, ARRAY [49], 24, '1/18/2021', 4);
insert into orders (order_id, client_id, products, shop_id, order_date, order_status) values (108, 21, ARRAY [23], 84, '4/25/2021', 1);
insert into orders (order_id, client_id, products, shop_id, order_date, order_status) values (109, 113, ARRAY [55], 24, '7/24/2020', 5);
insert into orders (order_id, client_id, products, shop_id, order_date, order_status) values (110, 102, ARRAY [95], 98, '2/15/2021', 4);
insert into orders (order_id, client_id, products, shop_id, order_date, order_status) values (111, 272, ARRAY [34], 94, '9/29/2020', 2);
insert into orders (order_id, client_id, products, shop_id, order_date, order_status) values (112, 191, ARRAY [76], 86, '11/7/2020', 1);
insert into orders (order_id, client_id, products, shop_id, order_date, order_status) values (113, 94, ARRAY [44], 77, '9/9/2020', 4);
insert into orders (order_id, client_id, products, shop_id, order_date, order_status) values (114, 125, ARRAY [52], 90, '4/28/2021', 4);
insert into orders (order_id, client_id, products, shop_id, order_date, order_status) values (115, 137, ARRAY [71], 84, '12/5/2020', 1);
insert into orders (order_id, client_id, products, shop_id, order_date, order_status) values (116, 246, ARRAY [50], 43, '11/1/2020', 5);
insert into orders (order_id, client_id, products, shop_id, order_date, order_status) values (117, 140, ARRAY [86], 56, '9/24/2020', 4);
insert into orders (order_id, client_id, products, shop_id, order_date, order_status) values (118, 45, ARRAY [13], 28, '4/19/2021', 5);
insert into orders (order_id, client_id, products, shop_id, order_date, order_status) values (119, 162, ARRAY [85], 38, '9/3/2020', 4);
insert into orders (order_id, client_id, products, shop_id, order_date, order_status) values (120, 291, ARRAY [98], 85, '2/14/2021', 4);
insert into orders (order_id, client_id, products, shop_id, order_date, order_status) values (121, 96, ARRAY [47], 10, '11/25/2020', 3);
insert into orders (order_id, client_id, products, shop_id, order_date, order_status) values (122, 211, ARRAY [82], 74, '11/20/2020', 5);
insert into orders (order_id, client_id, products, shop_id, order_date, order_status) values (123, 213, ARRAY [26], 43, '3/2/2021', 2);
insert into orders (order_id, client_id, products, shop_id, order_date, order_status) values (124, 206, ARRAY [65], 55, '6/14/2020', 5);
insert into orders (order_id, client_id, products, shop_id, order_date, order_status) values (125, 56, ARRAY [57], 36, '5/3/2021', 3);
insert into orders (order_id, client_id, products, shop_id, order_date, order_status) values (126, 247, ARRAY [12], 43, '6/16/2020', 2);
insert into orders (order_id, client_id, products, shop_id, order_date, order_status) values (127, 89, ARRAY [59], 37, '12/28/2020', 3);
insert into orders (order_id, client_id, products, shop_id, order_date, order_status) values (128, 262, ARRAY [87], 34, '1/23/2021', 3);
insert into orders (order_id, client_id, products, shop_id, order_date, order_status) values (129, 137, ARRAY [49], 29, '4/20/2021', 2);
insert into orders (order_id, client_id, products, shop_id, order_date, order_status) values (130, 270, ARRAY [35], 92, '6/23/2020', 1);
insert into orders (order_id, client_id, products, shop_id, order_date, order_status) values (131, 52, ARRAY [71], 22, '10/30/2020', 2);
insert into orders (order_id, client_id, products, shop_id, order_date, order_status) values (132, 131, ARRAY [31], 27, '11/24/2020', 4);
insert into orders (order_id, client_id, products, shop_id, order_date, order_status) values (133, 136, ARRAY [94], 95, '6/12/2020', 3);
insert into orders (order_id, client_id, products, shop_id, order_date, order_status) values (134, 138, ARRAY [90], 48, '1/27/2021', 4);
insert into orders (order_id, client_id, products, shop_id, order_date, order_status) values (135, 224, ARRAY [87], 6, '9/27/2020', 2);
insert into orders (order_id, client_id, products, shop_id, order_date, order_status) values (136, 142, ARRAY [71], 29, '1/26/2021', 3);
insert into orders (order_id, client_id, products, shop_id, order_date, order_status) values (137, 293, ARRAY [85], 90, '5/17/2021', 3);
insert into orders (order_id, client_id, products, shop_id, order_date, order_status) values (138, 45, ARRAY [1], 39, '6/25/2020', 5);
insert into orders (order_id, client_id, products, shop_id, order_date, order_status) values (139, 178, ARRAY [72], 99, '12/9/2020', 3);
insert into orders (order_id, client_id, products, shop_id, order_date, order_status) values (140, 16, ARRAY [70], 14, '6/18/2020', 5);
insert into orders (order_id, client_id, products, shop_id, order_date, order_status) values (141, 217, ARRAY [68], 100, '3/13/2021', 2);
insert into orders (order_id, client_id, products, shop_id, order_date, order_status) values (142, 38, ARRAY [50], 20, '10/6/2020', 5);
insert into orders (order_id, client_id, products, shop_id, order_date, order_status) values (143, 215, ARRAY [93], 18, '8/15/2020', 3);
insert into orders (order_id, client_id, products, shop_id, order_date, order_status) values (144, 287, ARRAY [89], 93, '9/23/2020', 3);
insert into orders (order_id, client_id, products, shop_id, order_date, order_status) values (145, 219, ARRAY [9], 37, '10/15/2020', 3);
insert into orders (order_id, client_id, products, shop_id, order_date, order_status) values (146, 123, ARRAY [66], 26, '2/24/2021', 5);
insert into orders (order_id, client_id, products, shop_id, order_date, order_status) values (147, 103, ARRAY [52], 36, '3/15/2021', 2);
insert into orders (order_id, client_id, products, shop_id, order_date, order_status) values (148, 146, ARRAY [98], 68, '3/6/2021', 2);
insert into orders (order_id, client_id, products, shop_id, order_date, order_status) values (149, 186, ARRAY [15], 23, '2/23/2021', 1);
insert into orders (order_id, client_id, products, shop_id, order_date, order_status) values (150, 245, ARRAY [8], 71, '11/11/2020', 5);
insert into orders (order_id, client_id, products, shop_id, order_date, order_status) values (151, 204, ARRAY [85], 51, '10/28/2020', 2);
insert into orders (order_id, client_id, products, shop_id, order_date, order_status) values (152, 116, ARRAY [32], 37, '8/28/2020', 3);
insert into orders (order_id, client_id, products, shop_id, order_date, order_status) values (153, 220, ARRAY [79], 46, '6/22/2020', 4);
insert into orders (order_id, client_id, products, shop_id, order_date, order_status) values (154, 297, ARRAY [12], 44, '10/31/2020', 5);
insert into orders (order_id, client_id, products, shop_id, order_date, order_status) values (155, 49, ARRAY [4], 54, '9/10/2020', 5);
insert into orders (order_id, client_id, products, shop_id, order_date, order_status) values (156, 59, ARRAY [25], 44, '10/29/2020', 2);
insert into orders (order_id, client_id, products, shop_id, order_date, order_status) values (157, 94, ARRAY [71], 82, '9/24/2020', 2);
insert into orders (order_id, client_id, products, shop_id, order_date, order_status) values (158, 158, ARRAY [95], 75, '2/10/2021', 4);
insert into orders (order_id, client_id, products, shop_id, order_date, order_status) values (159, 241, ARRAY [32], 34, '5/16/2021', 5);
insert into orders (order_id, client_id, products, shop_id, order_date, order_status) values (160, 276, ARRAY [66], 32, '6/1/2020', 4);
insert into orders (order_id, client_id, products, shop_id, order_date, order_status) values (161, 43, ARRAY [12], 46, '4/26/2021', 2);
insert into orders (order_id, client_id, products, shop_id, order_date, order_status) values (162, 92, ARRAY [65], 93, '7/4/2020', 4);
insert into orders (order_id, client_id, products, shop_id, order_date, order_status) values (163, 102, ARRAY [18], 90, '3/18/2021', 2);
insert into orders (order_id, client_id, products, shop_id, order_date, order_status) values (164, 173, ARRAY [11], 87, '11/14/2020', 1);
insert into orders (order_id, client_id, products, shop_id, order_date, order_status) values (165, 71, ARRAY [4], 35, '2/25/2021', 1);
insert into orders (order_id, client_id, products, shop_id, order_date, order_status) values (166, 165, ARRAY [38], 48, '2/2/2021', 3);
insert into orders (order_id, client_id, products, shop_id, order_date, order_status) values (167, 19, ARRAY [11], 20, '6/2/2020', 2);
insert into orders (order_id, client_id, products, shop_id, order_date, order_status) values (168, 145, ARRAY [82], 34, '2/15/2021', 2);
insert into orders (order_id, client_id, products, shop_id, order_date, order_status) values (169, 16, ARRAY [83], 98, '2/1/2021', 3);
insert into orders (order_id, client_id, products, shop_id, order_date, order_status) values (170, 296, ARRAY [31], 80, '11/3/2020', 2);
insert into orders (order_id, client_id, products, shop_id, order_date, order_status) values (171, 69, ARRAY [48], 3, '6/15/2020', 1);
insert into orders (order_id, client_id, products, shop_id, order_date, order_status) values (172, 280, ARRAY [29], 73, '10/1/2020', 1);
insert into orders (order_id, client_id, products, shop_id, order_date, order_status) values (173, 37, ARRAY [65], 28, '9/15/2020', 3);
insert into orders (order_id, client_id, products, shop_id, order_date, order_status) values (174, 210, ARRAY [2], 14, '4/21/2021', 3);
insert into orders (order_id, client_id, products, shop_id, order_date, order_status) values (175, 20, ARRAY [13], 88, '12/25/2020', 4);
insert into orders (order_id, client_id, products, shop_id, order_date, order_status) values (176, 6, ARRAY [86], 48, '9/16/2020', 3);
insert into orders (order_id, client_id, products, shop_id, order_date, order_status) values (177, 23, ARRAY [52], 82, '5/9/2021', 1);
insert into orders (order_id, client_id, products, shop_id, order_date, order_status) values (178, 107, ARRAY [44], 45, '1/1/2021', 2);
insert into orders (order_id, client_id, products, shop_id, order_date, order_status) values (179, 254, ARRAY [91], 68, '12/1/2020', 1);
insert into orders (order_id, client_id, products, shop_id, order_date, order_status) values (180, 110, ARRAY [66], 86, '10/20/2020', 1);
insert into orders (order_id, client_id, products, shop_id, order_date, order_status) values (181, 115, ARRAY [60], 61, '3/25/2021', 1);
insert into orders (order_id, client_id, products, shop_id, order_date, order_status) values (182, 272, ARRAY [26], 80, '3/28/2021', 1);
insert into orders (order_id, client_id, products, shop_id, order_date, order_status) values (183, 236, ARRAY [98], 18, '1/26/2021', 3);
insert into orders (order_id, client_id, products, shop_id, order_date, order_status) values (184, 180, ARRAY [47], 73, '11/14/2020', 3);
insert into orders (order_id, client_id, products, shop_id, order_date, order_status) values (185, 40, ARRAY [81], 1, '5/24/2020', 3);
insert into orders (order_id, client_id, products, shop_id, order_date, order_status) values (186, 111, ARRAY [62], 10, '7/4/2020', 3);
insert into orders (order_id, client_id, products, shop_id, order_date, order_status) values (187, 231, ARRAY [6], 31, '10/30/2020', 2);
insert into orders (order_id, client_id, products, shop_id, order_date, order_status) values (188, 14, ARRAY [11], 65, '1/20/2021', 5);
insert into orders (order_id, client_id, products, shop_id, order_date, order_status) values (189, 284, ARRAY [60], 96, '2/17/2021', 2);
insert into orders (order_id, client_id, products, shop_id, order_date, order_status) values (190, 162, ARRAY [3], 28, '3/31/2021', 5);
insert into orders (order_id, client_id, products, shop_id, order_date, order_status) values (191, 266, ARRAY [52], 66, '3/7/2021', 2);
insert into orders (order_id, client_id, products, shop_id, order_date, order_status) values (192, 48, ARRAY [16], 40, '4/5/2021', 4);
insert into orders (order_id, client_id, products, shop_id, order_date, order_status) values (193, 177, ARRAY [89], 75, '2/13/2021', 5);
insert into orders (order_id, client_id, products, shop_id, order_date, order_status) values (194, 297, ARRAY [33], 71, '3/29/2021', 4);
insert into orders (order_id, client_id, products, shop_id, order_date, order_status) values (195, 128, ARRAY [5], 26, '12/1/2020', 4);
insert into orders (order_id, client_id, products, shop_id, order_date, order_status) values (196, 86, ARRAY [57], 40, '7/10/2020', 3);
insert into orders (order_id, client_id, products, shop_id, order_date, order_status) values (197, 207, ARRAY [27], 19, '4/27/2021', 1);
insert into orders (order_id, client_id, products, shop_id, order_date, order_status) values (198, 29, ARRAY [48], 24, '8/30/2020', 5);
insert into orders (order_id, client_id, products, shop_id, order_date, order_status) values (199, 148, ARRAY [51], 81, '7/8/2020', 2);
insert into orders (order_id, client_id, products, shop_id, order_date, order_status) values (200, 261, ARRAY [89], 94, '4/28/2021', 4);
insert into orders (order_id, client_id, products, shop_id, order_date, order_status) values (201, 4, ARRAY [51], 60, '3/2/2021', 4);
insert into orders (order_id, client_id, products, shop_id, order_date, order_status) values (202, 89, ARRAY [40], 19, '7/6/2020', 3);
insert into orders (order_id, client_id, products, shop_id, order_date, order_status) values (203, 248, ARRAY [100], 48, '6/19/2020', 5);
insert into orders (order_id, client_id, products, shop_id, order_date, order_status) values (204, 264, ARRAY [45], 88, '5/5/2021', 3);
insert into orders (order_id, client_id, products, shop_id, order_date, order_status) values (205, 147, ARRAY [58], 97, '4/21/2021', 1);
insert into orders (order_id, client_id, products, shop_id, order_date, order_status) values (206, 134, ARRAY [53], 98, '12/5/2020', 2);
insert into orders (order_id, client_id, products, shop_id, order_date, order_status) values (207, 165, ARRAY [40], 2, '1/14/2021', 4);
insert into orders (order_id, client_id, products, shop_id, order_date, order_status) values (208, 227, ARRAY [67], 46, '2/6/2021', 5);
insert into orders (order_id, client_id, products, shop_id, order_date, order_status) values (209, 49, ARRAY [82], 71, '3/6/2021', 1);
insert into orders (order_id, client_id, products, shop_id, order_date, order_status) values (210, 34, ARRAY [57], 88, '4/18/2021', 5);
insert into orders (order_id, client_id, products, shop_id, order_date, order_status) values (211, 200, ARRAY [93], 100, '1/25/2021', 2);
insert into orders (order_id, client_id, products, shop_id, order_date, order_status) values (212, 180, ARRAY [100], 67, '8/24/2020', 3);
insert into orders (order_id, client_id, products, shop_id, order_date, order_status) values (213, 107, ARRAY [56], 7, '3/16/2021', 4);
insert into orders (order_id, client_id, products, shop_id, order_date, order_status) values (214, 16, ARRAY [52], 83, '5/13/2021', 2);
insert into orders (order_id, client_id, products, shop_id, order_date, order_status) values (215, 238, ARRAY [59], 14, '9/9/2020', 4);
insert into orders (order_id, client_id, products, shop_id, order_date, order_status) values (216, 84, ARRAY [32], 12, '5/28/2020', 4);
insert into orders (order_id, client_id, products, shop_id, order_date, order_status) values (217, 273, ARRAY [48], 96, '11/2/2020', 5);
insert into orders (order_id, client_id, products, shop_id, order_date, order_status) values (218, 234, ARRAY [85], 2, '3/27/2021', 2);
insert into orders (order_id, client_id, products, shop_id, order_date, order_status) values (219, 134, ARRAY [74], 70, '10/20/2020', 3);
insert into orders (order_id, client_id, products, shop_id, order_date, order_status) values (220, 113, ARRAY [99], 12, '11/27/2020', 4);
insert into orders (order_id, client_id, products, shop_id, order_date, order_status) values (221, 107, ARRAY [76], 98, '8/27/2020', 3);
insert into orders (order_id, client_id, products, shop_id, order_date, order_status) values (222, 270, ARRAY [77], 33, '10/10/2020', 4);
insert into orders (order_id, client_id, products, shop_id, order_date, order_status) values (223, 82, ARRAY [7], 7, '3/25/2021', 1);
insert into orders (order_id, client_id, products, shop_id, order_date, order_status) values (224, 248, ARRAY [37], 12, '6/28/2020', 1);
insert into orders (order_id, client_id, products, shop_id, order_date, order_status) values (225, 242, ARRAY [58], 86, '11/21/2020', 4);
insert into orders (order_id, client_id, products, shop_id, order_date, order_status) values (226, 269, ARRAY [25], 62, '4/13/2021', 3);
insert into orders (order_id, client_id, products, shop_id, order_date, order_status) values (227, 140, ARRAY [58], 44, '1/22/2021', 1);
insert into orders (order_id, client_id, products, shop_id, order_date, order_status) values (228, 170, ARRAY [85], 54, '5/4/2021', 3);
insert into orders (order_id, client_id, products, shop_id, order_date, order_status) values (229, 11, ARRAY [32], 23, '12/12/2020', 5);
insert into orders (order_id, client_id, products, shop_id, order_date, order_status) values (230, 224, ARRAY [55], 23, '9/3/2020', 3);
insert into orders (order_id, client_id, products, shop_id, order_date, order_status) values (231, 186, ARRAY [79], 89, '11/8/2020', 2);
insert into orders (order_id, client_id, products, shop_id, order_date, order_status) values (232, 212, ARRAY [67], 44, '10/5/2020', 4);
insert into orders (order_id, client_id, products, shop_id, order_date, order_status) values (233, 277, ARRAY [33], 56, '5/13/2021', 5);
insert into orders (order_id, client_id, products, shop_id, order_date, order_status) values (234, 2, ARRAY [88], 60, '12/26/2020', 4);
insert into orders (order_id, client_id, products, shop_id, order_date, order_status) values (235, 51, ARRAY [32], 71, '12/13/2020', 3);
insert into orders (order_id, client_id, products, shop_id, order_date, order_status) values (236, 39, ARRAY [62], 98, '3/21/2021', 2);
insert into orders (order_id, client_id, products, shop_id, order_date, order_status) values (237, 127, ARRAY [100], 11, '5/26/2020', 2);
insert into orders (order_id, client_id, products, shop_id, order_date, order_status) values (238, 224, ARRAY [3], 69, '3/27/2021', 2);
insert into orders (order_id, client_id, products, shop_id, order_date, order_status) values (239, 144, ARRAY [19], 21, '4/22/2021', 2);
insert into orders (order_id, client_id, products, shop_id, order_date, order_status) values (240, 186, ARRAY [80], 60, '9/7/2020', 3);
insert into orders (order_id, client_id, products, shop_id, order_date, order_status) values (241, 14, ARRAY [83], 97, '9/10/2020', 1);
insert into orders (order_id, client_id, products, shop_id, order_date, order_status) values (242, 81, ARRAY [50], 8, '12/6/2020', 1);
insert into orders (order_id, client_id, products, shop_id, order_date, order_status) values (243, 53, ARRAY [52], 27, '4/1/2021', 3);
insert into orders (order_id, client_id, products, shop_id, order_date, order_status) values (244, 48, ARRAY [13], 39, '1/17/2021', 4);
insert into orders (order_id, client_id, products, shop_id, order_date, order_status) values (245, 255, ARRAY [93], 48, '4/6/2021', 4);
insert into orders (order_id, client_id, products, shop_id, order_date, order_status) values (246, 112, ARRAY [74], 51, '7/4/2020', 2);
insert into orders (order_id, client_id, products, shop_id, order_date, order_status) values (247, 90, ARRAY [100], 92, '3/30/2021', 4);
insert into orders (order_id, client_id, products, shop_id, order_date, order_status) values (248, 223, ARRAY [61], 14, '3/28/2021', 2);
insert into orders (order_id, client_id, products, shop_id, order_date, order_status) values (249, 167, ARRAY [46], 15, '4/19/2021', 5);
insert into orders (order_id, client_id, products, shop_id, order_date, order_status) values (250, 74, ARRAY [40], 26, '4/26/2021', 5);
insert into orders (order_id, client_id, products, shop_id, order_date, order_status) values (251, 167, ARRAY [61], 5, '4/13/2021', 4);
insert into orders (order_id, client_id, products, shop_id, order_date, order_status) values (252, 207, ARRAY [10], 52, '9/13/2020', 2);
insert into orders (order_id, client_id, products, shop_id, order_date, order_status) values (253, 48, ARRAY [38], 80, '2/1/2021', 1);
insert into orders (order_id, client_id, products, shop_id, order_date, order_status) values (254, 16, ARRAY [66], 16, '4/26/2021', 1);
insert into orders (order_id, client_id, products, shop_id, order_date, order_status) values (255, 140, ARRAY [18], 48, '7/11/2020', 3);
insert into orders (order_id, client_id, products, shop_id, order_date, order_status) values (256, 161, ARRAY [92], 56, '4/22/2021', 1);
insert into orders (order_id, client_id, products, shop_id, order_date, order_status) values (257, 86, ARRAY [54], 64, '1/31/2021', 4);
insert into orders (order_id, client_id, products, shop_id, order_date, order_status) values (258, 25, ARRAY [24], 84, '5/20/2021', 4);
insert into orders (order_id, client_id, products, shop_id, order_date, order_status) values (259, 62, ARRAY [91], 50, '3/25/2021', 1);
insert into orders (order_id, client_id, products, shop_id, order_date, order_status) values (260, 30, ARRAY [25], 67, '1/22/2021', 4);
insert into orders (order_id, client_id, products, shop_id, order_date, order_status) values (261, 119, ARRAY [21], 38, '12/13/2020', 5);
insert into orders (order_id, client_id, products, shop_id, order_date, order_status) values (262, 102, ARRAY [25], 14, '9/1/2020', 1);
insert into orders (order_id, client_id, products, shop_id, order_date, order_status) values (263, 44, ARRAY [56], 30, '8/18/2020', 2);
insert into orders (order_id, client_id, products, shop_id, order_date, order_status) values (264, 146, ARRAY [82], 45, '1/16/2021', 2);
insert into orders (order_id, client_id, products, shop_id, order_date, order_status) values (265, 178, ARRAY [75], 60, '3/1/2021', 4);
insert into orders (order_id, client_id, products, shop_id, order_date, order_status) values (266, 114, ARRAY [15], 96, '7/1/2020', 3);
insert into orders (order_id, client_id, products, shop_id, order_date, order_status) values (267, 130, ARRAY [12], 54, '7/16/2020', 3);
insert into orders (order_id, client_id, products, shop_id, order_date, order_status) values (268, 54, ARRAY [47], 32, '3/12/2021', 3);
insert into orders (order_id, client_id, products, shop_id, order_date, order_status) values (269, 119, ARRAY [96], 17, '10/14/2020', 5);
insert into orders (order_id, client_id, products, shop_id, order_date, order_status) values (270, 149, ARRAY [13], 47, '11/21/2020', 4);
insert into orders (order_id, client_id, products, shop_id, order_date, order_status) values (271, 172, ARRAY [39], 18, '6/24/2020', 3);
insert into orders (order_id, client_id, products, shop_id, order_date, order_status) values (272, 131, ARRAY [17], 92, '2/19/2021', 2);
insert into orders (order_id, client_id, products, shop_id, order_date, order_status) values (273, 192, ARRAY [87], 70, '4/27/2021', 4);
insert into orders (order_id, client_id, products, shop_id, order_date, order_status) values (274, 32, ARRAY [61], 75, '1/18/2021', 1);
insert into orders (order_id, client_id, products, shop_id, order_date, order_status) values (275, 238, ARRAY [78], 74, '10/3/2020', 5);
insert into orders (order_id, client_id, products, shop_id, order_date, order_status) values (276, 288, ARRAY [66], 46, '5/22/2020', 2);
insert into orders (order_id, client_id, products, shop_id, order_date, order_status) values (277, 262, ARRAY [88], 77, '4/5/2021', 1);
insert into orders (order_id, client_id, products, shop_id, order_date, order_status) values (278, 232, ARRAY [35], 33, '2/14/2021', 2);
insert into orders (order_id, client_id, products, shop_id, order_date, order_status) values (279, 216, ARRAY [30], 36, '8/29/2020', 4);
insert into orders (order_id, client_id, products, shop_id, order_date, order_status) values (280, 141, ARRAY [38], 21, '10/12/2020', 4);
insert into orders (order_id, client_id, products, shop_id, order_date, order_status) values (281, 7, ARRAY [54], 48, '12/8/2020', 4);
insert into orders (order_id, client_id, products, shop_id, order_date, order_status) values (282, 177, ARRAY [31], 46, '5/19/2021', 5);
insert into orders (order_id, client_id, products, shop_id, order_date, order_status) values (283, 200, ARRAY [88], 89, '5/3/2021', 3);
insert into orders (order_id, client_id, products, shop_id, order_date, order_status) values (284, 218, ARRAY [80], 91, '12/1/2020', 2);
insert into orders (order_id, client_id, products, shop_id, order_date, order_status) values (285, 55, ARRAY [61], 52, '4/10/2021', 5);
insert into orders (order_id, client_id, products, shop_id, order_date, order_status) values (286, 41, ARRAY [68], 56, '3/28/2021', 2);
insert into orders (order_id, client_id, products, shop_id, order_date, order_status) values (287, 120, ARRAY [99], 74, '6/24/2020', 3);
insert into orders (order_id, client_id, products, shop_id, order_date, order_status) values (288, 166, ARRAY [97], 47, '3/25/2021', 5);
insert into orders (order_id, client_id, products, shop_id, order_date, order_status) values (289, 218, ARRAY [8], 67, '5/18/2021', 1);
insert into orders (order_id, client_id, products, shop_id, order_date, order_status) values (290, 275, ARRAY [47], 81, '8/10/2020', 2);
insert into orders (order_id, client_id, products, shop_id, order_date, order_status) values (291, 99, ARRAY [71], 88, '5/31/2020', 1);
insert into orders (order_id, client_id, products, shop_id, order_date, order_status) values (292, 257, ARRAY [34], 9, '1/12/2021', 1);
insert into orders (order_id, client_id, products, shop_id, order_date, order_status) values (293, 25, ARRAY [74], 20, '8/3/2020', 3);
insert into orders (order_id, client_id, products, shop_id, order_date, order_status) values (294, 229, ARRAY [60], 77, '3/24/2021', 1);
insert into orders (order_id, client_id, products, shop_id, order_date, order_status) values (295, 171, ARRAY [94], 1, '8/29/2020', 4);
insert into orders (order_id, client_id, products, shop_id, order_date, order_status) values (296, 83, ARRAY [12], 23, '2/20/2021', 4);
insert into orders (order_id, client_id, products, shop_id, order_date, order_status) values (297, 112, ARRAY [12], 71, '1/28/2021', 2);
insert into orders (order_id, client_id, products, shop_id, order_date, order_status) values (298, 7, ARRAY [84], 45, '7/11/2020', 2);
insert into orders (order_id, client_id, products, shop_id, order_date, order_status) values (299, 291, ARRAY [47], 16, '2/15/2021', 1);
insert into orders (order_id, client_id, products, shop_id, order_date, order_status) values (300, 200, ARRAY [50], 75, '5/27/2020', 3);

insert into clients (client_id, address_id, phone, login, password, NIP, order_id) values (1, 1, 986299021, 'Cardguard', 'Lotstring', 278282924, 1);
insert into clients (client_id, address_id, phone, login, password, NIP, order_id) values (2, 2, 828180535, 'Keylex', 'Opela', 645312191, 2);
insert into clients (client_id, address_id, phone, login, password, NIP, order_id) values (3, 3, 983327588, 'Stim', 'Konklux', 625018661, 3);
insert into clients (client_id, address_id, phone, login, password, NIP, order_id) values (4, 4, 855301685, 'Vagram', 'Flowdesk', 501644624, 4);
insert into clients (client_id, address_id, phone, login, password, NIP, order_id) values (5, 5, 662553185, 'Biodex', 'Greenlam', 455953710, 5);
insert into clients (client_id, address_id, phone, login, password, NIP, order_id) values (6, 6, 802304889, 'Zamit', 'Trippledex', 198327785, 6);
insert into clients (client_id, address_id, phone, login, password, NIP, order_id) values (7, 7, 629135069, 'Solarbreeze', 'Konklux', 876267041, 7);
insert into clients (client_id, address_id, phone, login, password, NIP, order_id) values (8, 8, 774254651, 'Aerified', 'Asoka', 625003476, 8);
insert into clients (client_id, address_id, phone, login, password, NIP, order_id) values (9, 9, 846290563, 'Zoolab', 'Bigtax', 109220644, 9);
insert into clients (client_id, address_id, phone, login, password, NIP, order_id) values (10, 10, 550540051, 'Mat Lam Tam', 'Subin', 513683400, 10);
insert into clients (client_id, address_id, phone, login, password, NIP, order_id) values (11, 11, 384480901, 'Asoka', 'Toughjoyfax', 570794625, 11);
insert into clients (client_id, address_id, phone, login, password, NIP, order_id) values (12, 12, 730590539, 'Sonsing', 'Tempsoft', 556055834, 12);
insert into clients (client_id, address_id, phone, login, password, NIP, order_id) values (13, 13, 753557474, 'Gembucket', 'Sonsing', 821893190, 13);
insert into clients (client_id, address_id, phone, login, password, NIP, order_id) values (14, 14, 585650872, 'Quo Lux', 'Quo Lux', 662385564, 14);
insert into clients (client_id, address_id, phone, login, password, NIP, order_id) values (15, 15, 134331133, 'Domainer', 'Redhold', 972825222, 15);
insert into clients (client_id, address_id, phone, login, password, NIP, order_id) values (16, 16, 828748797, 'Flowdesk', 'Biodex', 772760226, 16);
insert into clients (client_id, address_id, phone, login, password, NIP, order_id) values (17, 17, 525149773, 'Lotstring', 'Stim', 311033571, 161);
insert into clients (client_id, address_id, phone, login, password, NIP, order_id) values (18, 18, 246393056, 'Kanlam', 'Vagram', 149240804, 162);
insert into clients (client_id, address_id, phone, login, password, NIP, order_id) values (19, 19, 815309642, 'Veribet', 'Home Ing', 182293630, 163);
insert into clients (client_id, address_id, phone, login, password, NIP, order_id) values (20, 167, 747416613, 'Prodder', 'Duobam', 676906667, 164);
insert into clients (client_id, address_id, phone, login, password, NIP, order_id) values (21, 168, 923222583, 'Biodex', 'Treeflex', 330884143, 165);
insert into clients (client_id, address_id, phone, login, password, NIP, order_id) values (22, 169, 478020422, 'Matsoft', 'Tampflex', 110596826, 166);
insert into clients (client_id, address_id, phone, login, password, NIP, order_id) values (23, 170, 965798179, 'Domainer', 'Domainer', 450509904, 167);
insert into clients (client_id, address_id, phone, login, password, NIP, order_id) values (24, 171, 963529180, 'Span', 'It', 841250409, 168);
insert into clients (client_id, address_id, phone, login, password, NIP, order_id) values (25, 172, 385075366, 'Keylex', 'Wrapsafe', 601231029, 169);
insert into clients (client_id, address_id, phone, login, password, NIP, order_id) values (26, 173, 513448873, 'Biodex', 'Stronghold', 262813375, 170);
insert into clients (client_id, address_id, phone, login, password, NIP, order_id) values (27, 174, 968331191, 'Voyatouch', 'Matsoft', 654918241, 171);
insert into clients (client_id, address_id, phone, login, password, NIP, order_id) values (28, 175, 126117830, 'Greenlam', 'Transcof', 755933184, 172);
insert into clients (client_id, address_id, phone, login, password, NIP, order_id) values (29, 176, 272521816, 'It', 'Stringtough', 740635086, 173);
insert into clients (client_id, address_id, phone, login, password, NIP, order_id) values (30, 177, 726103396, 'Bigtax', 'Zontrax', 730891656, 174);
insert into clients (client_id, address_id, phone, login, password, NIP, order_id) values (31, 178, 476278191, 'Asoka', 'Matsoft', 717339480, 175);
insert into clients (client_id, address_id, phone, login, password, NIP, order_id) values (32, 179, 192197198, 'Toughjoyfax', 'Zamit', 945767752, 176);
insert into clients (client_id, address_id, phone, login, password, NIP, order_id) values (33, 180, 377669308, 'Greenlam', 'Daltfresh', 231722006, 177);
insert into clients (client_id, address_id, phone, login, password, NIP, order_id) values (34, 181, 353023492, 'Transcof', 'Ventosanzap', 521815045, 178);
insert into clients (client_id, address_id, phone, login, password, NIP, order_id) values (35, 182, 636362960, 'Stronghold', 'Andalax', 714781021, 179);
insert into clients (client_id, address_id, phone, login, password, NIP, order_id) values (36, 183, 125672651, 'It', 'It', 345157238, 180);
insert into clients (client_id, address_id, phone, login, password, NIP, order_id) values (37, 184, 828465174, 'Aerified', 'Opela', 262850042, 181);
insert into clients (client_id, address_id, phone, login, password, NIP, order_id) values (38, 185, 383742082, 'Namfix', 'Y-find', 659925637, 182);
insert into clients (client_id, address_id, phone, login, password, NIP, order_id) values (39, 186, 865371373, 'Toughjoyfax', 'Regrant', 984822940, 183);
insert into clients (client_id, address_id, phone, login, password, NIP, order_id) values (40, 187, 598476069, 'Tempsoft', 'Domainer', 773128319, 184);
insert into clients (client_id, address_id, phone, login, password, NIP, order_id) values (41, 188, 171806978, 'It', 'Treeflex', 402378447, 185);
insert into clients (client_id, address_id, phone, login, password, NIP, order_id) values (42, 189, 513261356, 'Stim', 'Y-find', 990541850, 186);
insert into clients (client_id, address_id, phone, login, password, NIP, order_id) values (43, 190, 558966241, 'Cardguard', 'Vagram', 289311340, 187);
insert into clients (client_id, address_id, phone, login, password, NIP, order_id) values (44, 191, 967699018, 'Ronstring', 'Job', 735021962, 188);
insert into clients (client_id, address_id, phone, login, password, NIP, order_id) values (45, 192, 537849661, 'Zontrax', 'Aerified', 345405432, 189);
insert into clients (client_id, address_id, phone, login, password, NIP, order_id) values (46, 193, 944556698, 'Voltsillam', 'Vagram', 426878481, 190);
insert into clients (client_id, address_id, phone, login, password, NIP, order_id) values (47, 194, 832687388, 'Konklux', 'Stronghold', 995489494, 191);
insert into clients (client_id, address_id, phone, login, password, NIP, order_id) values (48, 195, 244625785, 'Voyatouch', 'Rank', 149732995, 192);
insert into clients (client_id, address_id, phone, login, password, NIP, order_id) values (49, 196, 632976163, 'Overhold', 'Duobam', 467932258, 193);
insert into clients (client_id, address_id, phone, login, password, NIP, order_id) values (50, 197, 407935672, 'Flexidy', 'Alpha', 136443984, 194);
insert into clients (client_id, address_id, phone, login, password, NIP, order_id) values (51, 198, 361629193, 'Matsoft', 'Job', 370831649, 195);
insert into clients (client_id, address_id, phone, login, password, NIP, order_id) values (52, 199, 411557527, 'Biodex', 'Rank', 822421599, 196);
insert into clients (client_id, address_id, phone, login, password, NIP, order_id) values (53, 200, 890938915, 'Latlux', 'Tampflex', 406531761, 197);
insert into clients (client_id, address_id, phone, login, password, NIP, order_id) values (54, 20, 200793759, 'It', 'Aerified', 439776445, 198);
insert into clients (client_id, address_id, phone, login, password, NIP, order_id) values (55, 21, 847342036, 'Span', 'Mat Lam Tam', 133101716, 199);
insert into clients (client_id, address_id, phone, login, password, NIP, order_id) values (56, 22, 631700862, 'Latlux', 'Stim', 898414266, 200);
insert into clients (client_id, address_id, phone, login, password, NIP, order_id) values (57, 23, 243968937, 'Veribet', 'Cardify', 585583565, 201);
insert into clients (client_id, address_id, phone, login, password, NIP, order_id) values (58, 24, 770951087, 'Asoka', 'Cookley', 466530089, 202);
insert into clients (client_id, address_id, phone, login, password, NIP, order_id) values (59, 25, 716679449, 'Domainer', 'Home Ing', 852632465, 203);
insert into clients (client_id, address_id, phone, login, password, NIP, order_id) values (60, 26, 685289075, 'Stim', 'Flexidy', 655794361, 204);
insert into clients (client_id, address_id, phone, login, password, NIP, order_id) values (61, 27, 352770730, 'Viva', 'It', 623199195, 205);
insert into clients (client_id, address_id, phone, login, password, NIP, order_id) values (62, 28, 570761094, 'Domainer', 'Opela', 551933121, 206);
insert into clients (client_id, address_id, phone, login, password, NIP, order_id) values (63, 29, 761528046, 'Daltfresh', 'Job', 604757764, 207);
insert into clients (client_id, address_id, phone, login, password, NIP, order_id) values (64, 30, 712569137, 'Gembucket', 'Holdlamis', 290280414, 208);
insert into clients (client_id, address_id, phone, login, password, NIP, order_id) values (65, 31, 177674767, 'Zaam-Dox', 'Span', 911533518, 209);
insert into clients (client_id, address_id, phone, login, password, NIP, order_id) values (66, 32, 122476824, 'Lotstring', 'Zathin', 273652792, 210);
insert into clients (client_id, address_id, phone, login, password, NIP, order_id) values (67, 33, 815625026, 'Viva', 'Ventosanzap', 550484195, 211);
insert into clients (client_id, address_id, phone, login, password, NIP, order_id) values (68, 34, 674590951, 'Toughjoyfax', 'Job', 994066860, 212);
insert into clients (client_id, address_id, phone, login, password, NIP, order_id) values (69, 35, 365362383, 'Regrant', 'Zamit', 500075140, 213);
insert into clients (client_id, address_id, phone, login, password, NIP, order_id) values (70, 36, 946469106, 'Regrant', 'Pannier', 445921857, 214);
insert into clients (client_id, address_id, phone, login, password, NIP, order_id) values (71, 37, 462444032, 'Alphazap', 'Matsoft', 727138963, 215);
insert into clients (client_id, address_id, phone, login, password, NIP, order_id) values (72, 38, 370035074, 'Wrapsafe', 'Mat Lam Tam', 972027763, 216);
insert into clients (client_id, address_id, phone, login, password, NIP, order_id) values (73, 39, 247581209, 'Zamit', 'Solarbreeze', 878404609, 217);
insert into clients (client_id, address_id, phone, login, password, NIP, order_id) values (74, 40, 807650849, 'Redhold', 'Lotlux', 712231935, 218);
insert into clients (client_id, address_id, phone, login, password, NIP, order_id) values (75, 41, 932418627, 'Keylex', 'Gembucket', 431303629, 219);
insert into clients (client_id, address_id, phone, login, password, NIP, order_id) values (76, 42, 983630032, 'Greenlam', 'Keylex', 411279120, 220);
insert into clients (client_id, address_id, phone, login, password, NIP, order_id) values (77, 43, 306838679, 'Voltsillam', 'Stim', 589894176, 221);
insert into clients (client_id, address_id, phone, login, password, NIP, order_id) values (78, 44, 139640513, 'Vagram', 'Ventosanzap', 566775928, 222);
insert into clients (client_id, address_id, phone, login, password, NIP, order_id) values (79, 45, 196600423, 'Overhold', 'Cardify', 207119662, 223);
insert into clients (client_id, address_id, phone, login, password, NIP, order_id) values (80, 46, 385957888, 'Andalax', 'Zaam-Dox', 875283397, 224);
insert into clients (client_id, address_id, phone, login, password, NIP, order_id) values (81, 47, 621210876, 'Latlux', 'Sub-Ex', 385184307, 225);
insert into clients (client_id, address_id, phone, login, password, NIP, order_id) values (82, 48, 927026140, 'Ronstring', 'Flexidy', 493921804, 226);
insert into clients (client_id, address_id, phone, login, password, NIP, order_id) values (83, 49, 972895091, 'Holdlamis', 'Bigtax', 514449639, 227);
insert into clients (client_id, address_id, phone, login, password, NIP, order_id) values (84, 50, 451009083, 'Stim', 'Konklux', 830062979, 228);
insert into clients (client_id, address_id, phone, login, password, NIP, order_id) values (85, 51, 844718741, 'Vagram', 'Flexidy', 328912380, 229);
insert into clients (client_id, address_id, phone, login, password, NIP, order_id) values (86, 52, 516559558, 'Andalax', 'Stronghold', 808132684, 230);
insert into clients (client_id, address_id, phone, login, password, NIP, order_id) values (87, 53, 280440067, 'Ronstring', 'It', 934427745, 231);
insert into clients (client_id, address_id, phone, login, password, NIP, order_id) values (88, 54, 885360895, 'Sonsing', 'Tresom', 698978163, 232);
insert into clients (client_id, address_id, phone, login, password, NIP, order_id) values (89, 55, 240416613, 'Sonair', 'Tres-Zap', 722963585, 233);
insert into clients (client_id, address_id, phone, login, password, NIP, order_id) values (90, 56, 769520903, 'Matsoft', 'Namfix', 594048075, 234);
insert into clients (client_id, address_id, phone, login, password, NIP, order_id) values (91, 57, 201580963, 'Keylex', 'Domainer', 800245547, 235);
insert into clients (client_id, address_id, phone, login, password, NIP, order_id) values (92, 58, 696410868, 'Zoolab', 'Pannier', 764772148, 236);
insert into clients (client_id, address_id, phone, login, password, NIP, order_id) values (93, 59, 606157813, 'Cookley', 'Cookley', 938709711, 237);
insert into clients (client_id, address_id, phone, login, password, NIP, order_id) values (94, 60, 529329606, 'Mat Lam Tam', 'Wrapsafe', 694324901, 238);
insert into clients (client_id, address_id, phone, login, password, NIP, order_id) values (95, 61, 448365447, 'Toughjoyfax', 'Bitwolf', 764374579, 239);
insert into clients (client_id, address_id, phone, login, password, NIP, order_id) values (96, 62, 453646648, 'Tres-Zap', 'Zamit', 146504197, 240);
insert into clients (client_id, address_id, phone, login, password, NIP, order_id) values (97, 63, 351430966, 'Konklab', 'Fix San', 584870425, 241);
insert into clients (client_id, address_id, phone, login, password, NIP, order_id) values (98, 64, 972314301, 'Bigtax', 'Fintone', 971896154, 242);
insert into clients (client_id, address_id, phone, login, password, NIP, order_id) values (99, 65, 876525561, 'Stringtough', 'Flowdesk', 172544342, 243);
insert into clients (client_id, address_id, phone, login, password, NIP, order_id) values (100, 66, 481205774, 'Konklab', 'Home Ing', 421910940, 244);
insert into clients (client_id, address_id, phone, login, password, NIP, order_id) values (101, 67, 866896171, 'Toughjoyfax', 'Duobam', 803803807, 245);
insert into clients (client_id, address_id, phone, login, password, NIP, order_id) values (102, 68, 845065369, 'Job', 'Aerified', 805054227, 246);
insert into clients (client_id, address_id, phone, login, password, NIP, order_id) values (103, 69, 106832101, 'Sub-Ex', 'Wrapsafe', 531640047, 247);
insert into clients (client_id, address_id, phone, login, password, NIP, order_id) values (104, 70, 871558026, 'Pannier', 'Latlux', 891580307, 248);
insert into clients (client_id, address_id, phone, login, password, NIP, order_id) values (105, 71, 640235434, 'Vagram', 'Tresom', 945333464, 249);
insert into clients (client_id, address_id, phone, login, password, NIP, order_id) values (106, 72, 937710527, 'Regrant', 'Domainer', 597576302, 250);
insert into clients (client_id, address_id, phone, login, password, NIP, order_id) values (107, 73, 939528099, 'Prodder', 'Sonair', 944289648, 251);
insert into clients (client_id, address_id, phone, login, password, NIP, order_id) values (108, 74, 472401735, 'Tres-Zap', 'Latlux', 289351960, 252);
insert into clients (client_id, address_id, phone, login, password, NIP, order_id) values (109, 75, 536837460, 'Sonair', 'Veribet', 290445619, 253);
insert into clients (client_id, address_id, phone, login, password, NIP, order_id) values (110, 76, 134014019, 'Andalax', 'Fixflex', 725410446, 254);
insert into clients (client_id, address_id, phone, login, password, NIP, order_id) values (111, 77, 856208409, 'Regrant', 'Holdlamis', 914822919, 255);
insert into clients (client_id, address_id, phone, login, password, NIP, order_id) values (112, 78, 608194484, 'Bytecard', 'Aerified', 629344373, 256);
insert into clients (client_id, address_id, phone, login, password, NIP, order_id) values (113, 79, 656283789, 'Cardguard', 'Fixflex', 490397892, 257);
insert into clients (client_id, address_id, phone, login, password, NIP, order_id) values (114, 80, 960972561, 'Veribet', 'Greenlam', 883435696, 258);
insert into clients (client_id, address_id, phone, login, password, NIP, order_id) values (115, 81, 250493139, 'Home Ing', 'Pannier', 129710456, 259);
insert into clients (client_id, address_id, phone, login, password, NIP, order_id) values (116, 82, 773519862, 'Cardguard', 'Bytecard', 139256452, 260);
insert into clients (client_id, address_id, phone, login, password, NIP, order_id) values (117, 83, 672217274, 'Zontrax', 'Mat Lam Tam', 292662649, 261);
insert into clients (client_id, address_id, phone, login, password, NIP, order_id) values (118, 84, 378109709, 'Fixflex', 'It', 500638497, 262);
insert into clients (client_id, address_id, phone, login, password, NIP, order_id) values (119, 85, 205186339, 'Hatity', 'Konklux', 229275469, 263);
insert into clients (client_id, address_id, phone, login, password, NIP, order_id) values (120, 86, 806639526, 'Fix San', 'Y-Solowarm', 309915236, 264);
insert into clients (client_id, address_id, phone, login, password, NIP, order_id) values (121, 87, 544040575, 'Stim', 'Duobam', 418627093, 265);
insert into clients (client_id, address_id, phone, login, password, NIP, order_id) values (122, 88, 251835270, 'Namfix', 'Alphazap', 807320748, 266);
insert into clients (client_id, address_id, phone, login, password, NIP, order_id) values (123, 89, 515761904, 'Temp', 'Cardify', 700673245, 267);
insert into clients (client_id, address_id, phone, login, password, NIP, order_id) values (124, 90, 711378181, 'Job', 'Tempsoft', 360659423, 268);
insert into clients (client_id, address_id, phone, login, password, NIP, order_id) values (125, 91, 818503316, 'Toughjoyfax', 'Kanlam', 573681427, 269);
insert into clients (client_id, address_id, phone, login, password, NIP, order_id) values (126, 92, 283891110, 'Namfix', 'Overhold', 952175842, 270);
insert into clients (client_id, address_id, phone, login, password, NIP, order_id) values (127, 93, 910678298, 'Latlux', 'Stringtough', 326035010, 271);
insert into clients (client_id, address_id, phone, login, password, NIP, order_id) values (128, 94, 792527006, 'Kanlam', 'Flowdesk', 720838804, 272);
insert into clients (client_id, address_id, phone, login, password, NIP, order_id) values (129, 95, 162883356, 'It', 'Alpha', 439862953, 273);
insert into clients (client_id, address_id, phone, login, password, NIP, order_id) values (130, 96, 315212466, 'Bigtax', 'Andalax', 121971984, 274);
insert into clients (client_id, address_id, phone, login, password, NIP, order_id) values (131, 97, 793541452, 'Holdlamis', 'Toughjoyfax', 397673713, 275);
insert into clients (client_id, address_id, phone, login, password, NIP, order_id) values (132, 98, 983241383, 'Rank', 'Stringtough', 897597397, 276);
insert into clients (client_id, address_id, phone, login, password, NIP, order_id) values (133, 99, 968621939, 'Vagram', 'Voyatouch', 569151679, 277);
insert into clients (client_id, address_id, phone, login, password, NIP, order_id) values (134, 100, 916918034, 'Hatity', 'Stim', 363848435, 278);
insert into clients (client_id, address_id, phone, login, password, NIP, order_id) values (135, 101, 794866982, 'Konklux', 'Voyatouch', 324236921, 279);
insert into clients (client_id, address_id, phone, login, password, NIP, order_id) values (136, 102, 215691291, 'Bitwolf', 'Konklab', 488251888, 280);
insert into clients (client_id, address_id, phone, login, password, NIP, order_id) values (137, 103, 703489073, 'Regrant', 'Subin', 257487488, 281);
insert into clients (client_id, address_id, phone, login, password, NIP, order_id) values (138, 104, 153620467, 'Transcof', 'Home Ing', 423933223, 282);
insert into clients (client_id, address_id, phone, login, password, NIP, order_id) values (139, 105, 742051832, 'Sonair', 'Ventosanzap', 267328027, 283);
insert into clients (client_id, address_id, phone, login, password, NIP, order_id) values (140, 106, 951584817, 'Latlux', 'Zontrax', 896248383, 284);
insert into clients (client_id, address_id, phone, login, password, NIP, order_id) values (141, 107, 854185340, 'Bitchip', 'Ventosanzap', 346358247, 285);
insert into clients (client_id, address_id, phone, login, password, NIP, order_id) values (142, 108, 167230284, 'Holdlamis', 'Bitchip', 982472098, 286);
insert into clients (client_id, address_id, phone, login, password, NIP, order_id) values (143, 109, 299022297, 'Toughjoyfax', 'Subin', 664005837, 287);
insert into clients (client_id, address_id, phone, login, password, NIP, order_id) values (144, 110, 663314136, 'Ventosanzap', 'Bamity', 994069627, 288);
insert into clients (client_id, address_id, phone, login, password, NIP, order_id) values (145, 111, 298834046, 'Lotstring', 'Wrapsafe', 565790376, 289);
insert into clients (client_id, address_id, phone, login, password, NIP, order_id) values (146, 112, 458010388, 'Aerified', 'Fix San', 868412365, 290);
insert into clients (client_id, address_id, phone, login, password, NIP, order_id) values (147, 113, 405826643, 'Y-find', 'Voyatouch', 706162249, 291);
insert into clients (client_id, address_id, phone, login, password, NIP, order_id) values (148, 114, 525966767, 'Veribet', 'Lotlux', 721856255, 292);
insert into clients (client_id, address_id, phone, login, password, NIP, order_id) values (149, 115, 215150628, 'Bitwolf', 'Tampflex', 573673570, 293);
insert into clients (client_id, address_id, phone, login, password, NIP, order_id) values (150, 116, 531478515, 'Zoolab', 'Lotstring', 266319615, 294);
insert into clients (client_id, address_id, phone, login, password, NIP, order_id) values (151, 117, 998304472, 'Overhold', 'Stim', 131835914, 295);
insert into clients (client_id, address_id, phone, login, password, NIP, order_id) values (152, 118, 562497506, 'Asoka', 'Biodex', 306362978, 296);
insert into clients (client_id, address_id, phone, login, password, NIP, order_id) values (153, 119, 745851844, 'Bitchip', 'Domainer', 968780369, 297);
insert into clients (client_id, address_id, phone, login, password, NIP, order_id) values (154, 120, 122067853, 'Matsoft', 'Otcom', 750147812, 298);
insert into clients (client_id, address_id, phone, login, password, NIP, order_id) values (155, 121, 635268145, 'Hatity', 'Job', 425007668, 299);
insert into clients (client_id, address_id, phone, login, password, NIP, order_id) values (156, 122, 387835766, 'Span', 'Treeflex', 494502262, 300);
insert into clients (client_id, address_id, phone, login, password, NIP, order_id) values (157, 123, 128574487, 'Tin', 'Cardify', 919635746, 17);
insert into clients (client_id, address_id, phone, login, password, NIP, order_id) values (158, 124, 258854902, 'Daltfresh', 'Stronghold', 448830280, 18);
insert into clients (client_id, address_id, phone, login, password, NIP, order_id) values (159, 125, 826784503, 'Cardguard', 'Sonsing', 889154695, 19);
insert into clients (client_id, address_id, phone, login, password, NIP, order_id) values (160, 126, 958630977, 'Fix San', 'Rank', 400747871, 20);
insert into clients (client_id, address_id, phone, login, password, NIP, order_id) values (161, 127, 452231535, 'Biodex', 'Ronstring', 833686769, 21);
insert into clients (client_id, address_id, phone, login, password, NIP, order_id) values (162, 128, 702764699, 'Flowdesk', 'Fixflex', 218674632, 22);
insert into clients (client_id, address_id, phone, login, password, NIP, order_id) values (163, 129, 981988099, 'Span', 'Span', 154628497, 23);
insert into clients (client_id, address_id, phone, login, password, NIP, order_id) values (164, 130, 255091788, 'Voltsillam', 'Fix San', 774129808, 24);
insert into clients (client_id, address_id, phone, login, password, NIP, order_id) values (165, 131, 354084210, 'Holdlamis', 'Y-find', 724895875, 25);
insert into clients (client_id, address_id, phone, login, password, NIP, order_id) values (166, 132, 554025344, 'Zathin', 'Overhold', 794671939, 26);
insert into clients (client_id, address_id, phone, login, password, NIP, order_id) values (167, 133, 202779944, 'Solarbreeze', 'Tampflex', 695465118, 27);
insert into clients (client_id, address_id, phone, login, password, NIP, order_id) values (168, 134, 811080531, 'Tempsoft', 'Bitchip', 995481210, 28);
insert into clients (client_id, address_id, phone, login, password, NIP, order_id) values (169, 135, 455637702, 'Aerified', 'Trippledex', 550897625, 29);
insert into clients (client_id, address_id, phone, login, password, NIP, order_id) values (170, 136, 830235373, 'Overhold', 'Regrant', 433062555, 30);
insert into clients (client_id, address_id, phone, login, password, NIP, order_id) values (171, 137, 140151037, 'Matsoft', 'Y-find', 742672136, 31);
insert into clients (client_id, address_id, phone, login, password, NIP, order_id) values (172, 138, 464820047, 'Subin', 'Cookley', 263446166, 32);
insert into clients (client_id, address_id, phone, login, password, NIP, order_id) values (173, 139, 348393300, 'Flowdesk', 'Overhold', 112782297, 33);
insert into clients (client_id, address_id, phone, login, password, NIP, order_id) values (174, 140, 716386366, 'Duobam', 'Fix San', 758935106, 34);
insert into clients (client_id, address_id, phone, login, password, NIP, order_id) values (175, 141, 713366202, 'Tempsoft', 'Zaam-Dox', 624106258, 35);
insert into clients (client_id, address_id, phone, login, password, NIP, order_id) values (176, 142, 351563332, 'Veribet', 'Cookley', 305670039, 36);
insert into clients (client_id, address_id, phone, login, password, NIP, order_id) values (177, 143, 417998567, 'Quo Lux', 'Viva', 787515611, 37);
insert into clients (client_id, address_id, phone, login, password, NIP, order_id) values (178, 144, 771794844, 'Tresom', 'Trippledex', 283227007, 38);
insert into clients (client_id, address_id, phone, login, password, NIP, order_id) values (179, 145, 269720651, 'Subin', 'Gembucket', 680973756, 39);
insert into clients (client_id, address_id, phone, login, password, NIP, order_id) values (180, 146, 330822110, 'Vagram', 'Fintone', 121377820, 40);
insert into clients (client_id, address_id, phone, login, password, NIP, order_id) values (181, 147, 486262328, 'Sub-Ex', 'Tin', 463016936, 41);
insert into clients (client_id, address_id, phone, login, password, NIP, order_id) values (182, 148, 834312824, 'Alphazap', 'Opela', 925193479, 63);
insert into clients (client_id, address_id, phone, login, password, NIP, order_id) values (183, 149, 117220074, 'Gembucket', 'Otcom', 420145631, 64);
insert into clients (client_id, address_id, phone, login, password, NIP, order_id) values (184, 150, 265140716, 'Job', 'Gembucket', 337896378, 65);
insert into clients (client_id, address_id, phone, login, password, NIP, order_id) values (185, 151, 905564355, 'Cardify', 'Prodder', 311758403, 66);
insert into clients (client_id, address_id, phone, login, password, NIP, order_id) values (186, 152, 823237317, 'Bamity', 'Bytecard', 636757516, 67);
insert into clients (client_id, address_id, phone, login, password, NIP, order_id) values (187, 153, 389111275, 'Flowdesk', 'Konklux', 425650115, 68);
insert into clients (client_id, address_id, phone, login, password, NIP, order_id) values (188, 154, 766614173, 'Treeflex', 'It', 630651578, 69);
insert into clients (client_id, address_id, phone, login, password, NIP, order_id) values (189, 155, 742674627, 'Bitwolf', 'Alphazap', 294071091, 70);
insert into clients (client_id, address_id, phone, login, password, NIP, order_id) values (190, 156, 628712576, 'Konklab', 'Fintone', 462655730, 71);
insert into clients (client_id, address_id, phone, login, password, NIP, order_id) values (191, 157, 841396378, 'Zathin', 'Span', 396666266, 72);
insert into clients (client_id, address_id, phone, login, password, NIP, order_id) values (192, 158, 428187862, 'Konklab', 'Andalax', 242063542, 73);
insert into clients (client_id, address_id, phone, login, password, NIP, order_id) values (193, 159, 655602794, 'Stronghold', 'Tempsoft', 912207930, 74);
insert into clients (client_id, address_id, phone, login, password, NIP, order_id) values (194, 160, 370739669, 'Fix San', 'Gembucket', 672971967, 75);
insert into clients (client_id, address_id, phone, login, password, NIP, order_id) values (195, 161, 817510180, 'Cardguard', 'Regrant', 369255403, 76);
insert into clients (client_id, address_id, phone, login, password, NIP, order_id) values (196, 162, 748625194, 'Toughjoyfax', 'Bitwolf', 267059045, 77);
insert into clients (client_id, address_id, phone, login, password, NIP, order_id) values (197, 163, 968914753, 'Opela', 'Daltfresh', 881893989, 78);
insert into clients (client_id, address_id, phone, login, password, NIP, order_id) values (198, 164, 588120284, 'Bytecard', 'Tresom', 213311275, 79);
insert into clients (client_id, address_id, phone, login, password, NIP, order_id) values (199, 165, 109321150, 'Konklab', 'Job', 221837618, 80);
insert into clients (client_id, address_id, phone, login, password, NIP, order_id) values (200, 166, 815715851, 'Zontrax', 'Biodex', 607624668, 81);
insert into clients (client_id, address_id, phone, login, password, NIP, order_id) values (201, 1, 967623153, 'Ventosanzap', 'Regrant', 168107703, 82);
insert into clients (client_id, address_id, phone, login, password, NIP, order_id) values (202, 2, 624626898, 'Regrant', 'Ventosanzap', 746650625, 83);
insert into clients (client_id, address_id, phone, login, password, NIP, order_id) values (203, 3, 897284616, 'Job', 'Rank', 209847378, 84);
insert into clients (client_id, address_id, phone, login, password, NIP, order_id) values (204, 4, 893803254, 'Span', 'Stringtough', 661681309, 85);
insert into clients (client_id, address_id, phone, login, password, NIP, order_id) values (205, 5, 367340286, 'Voyatouch', 'Voyatouch', 700239557, 86);
insert into clients (client_id, address_id, phone, login, password, NIP, order_id) values (206, 6, 162064789, 'Domainer', 'Keylex', 189152076, 87);
insert into clients (client_id, address_id, phone, login, password, NIP, order_id) values (207, 7, 424061411, 'Toughjoyfax', 'Daltfresh', 498052771, 88);
insert into clients (client_id, address_id, phone, login, password, NIP, order_id) values (208, 8, 683957263, 'Flexidy', 'Stronghold', 374896918, 89);
insert into clients (client_id, address_id, phone, login, password, NIP, order_id) values (209, 9, 791496997, 'Span', 'Tresom', 981650887, 90);
insert into clients (client_id, address_id, phone, login, password, NIP, order_id) values (210, 10, 501551119, 'Zamit', 'Veribet', 808450924, 91);
insert into clients (client_id, address_id, phone, login, password, NIP, order_id) values (211, 11, 821536280, 'Bitwolf', 'Daltfresh', 169176743, 92);
insert into clients (client_id, address_id, phone, login, password, NIP, order_id) values (212, 12, 958379137, 'Latlux', 'Veribet', 687806249, 93);
insert into clients (client_id, address_id, phone, login, password, NIP, order_id) values (213, 13, 640690052, 'Trippledex', 'Overhold', 974526991, 94);
insert into clients (client_id, address_id, phone, login, password, NIP, order_id) values (214, 14, 378871212, 'Bamity', 'It', 795195932, 95);
insert into clients (client_id, address_id, phone, login, password, NIP, order_id) values (215, 15, 101089672, 'Asoka', 'Job', 282752875, 96);
insert into clients (client_id, address_id, phone, login, password, NIP, order_id) values (216, 16, 877351249, 'It', 'Daltfresh', 541653892, 97);
insert into clients (client_id, address_id, phone, login, password, NIP, order_id) values (217, 17, 316336265, 'Veribet', 'Trippledex', 904154407, 98);
insert into clients (client_id, address_id, phone, login, password, NIP, order_id) values (218, 18, 236928802, 'Stronghold', 'Hatity', 504270548, 99);
insert into clients (client_id, address_id, phone, login, password, NIP, order_id) values (219, 19, 474188001, 'Temp', 'Zontrax', 435041066, 100);
insert into clients (client_id, address_id, phone, login, password, NIP, order_id) values (220, 167, 682767230, 'Fixflex', 'Zontrax', 581451779, 101);
insert into clients (client_id, address_id, phone, login, password, NIP, order_id) values (221, 168, 755147587, 'Job', 'Bitchip', 945357991, 102);
insert into clients (client_id, address_id, phone, login, password, NIP, order_id) values (222, 169, 201742059, 'Voltsillam', 'Treeflex', 822522265, 103);
insert into clients (client_id, address_id, phone, login, password, NIP, order_id) values (223, 170, 469808494, 'Sonsing', 'Sub-Ex', 243078824, 104);
insert into clients (client_id, address_id, phone, login, password, NIP, order_id) values (224, 171, 441568212, 'Cardguard', 'Cookley', 584236215, 105);
insert into clients (client_id, address_id, phone, login, password, NIP, order_id) values (225, 172, 440853724, 'Tin', 'Mat Lam Tam', 616720356, 106);
insert into clients (client_id, address_id, phone, login, password, NIP, order_id) values (226, 173, 947940346, 'Rank', 'Lotlux', 738854837, 107);
insert into clients (client_id, address_id, phone, login, password, NIP, order_id) values (227, 174, 999190716, 'Bytecard', 'Solarbreeze', 832976560, 108);
insert into clients (client_id, address_id, phone, login, password, NIP, order_id) values (228, 175, 750049497, 'Y-find', 'Mat Lam Tam', 777106137, 109);
insert into clients (client_id, address_id, phone, login, password, NIP, order_id) values (229, 176, 561127872, 'Temp', 'Andalax', 434672583, 110);
insert into clients (client_id, address_id, phone, login, password, NIP, order_id) values (230, 177, 571123219, 'Veribet', 'Quo Lux', 963201415, 111);
insert into clients (client_id, address_id, phone, login, password, NIP, order_id) values (231, 178, 941974130, 'Regrant', 'Sub-Ex', 696602525, 112);
insert into clients (client_id, address_id, phone, login, password, NIP, order_id) values (232, 179, 754107858, 'Duobam', 'Fixflex', 715478572, 113);
insert into clients (client_id, address_id, phone, login, password, NIP, order_id) values (233, 180, 201317582, 'Viva', 'Lotstring', 393789521, 114);
insert into clients (client_id, address_id, phone, login, password, NIP, order_id) values (234, 181, 742612015, 'Voltsillam', 'Overhold', 710452080, 115);
insert into clients (client_id, address_id, phone, login, password, NIP, order_id) values (235, 182, 170583068, 'Toughjoyfax', 'Zathin', 977502616, 116);
insert into clients (client_id, address_id, phone, login, password, NIP, order_id) values (236, 183, 674004368, 'Quo Lux', 'Subin', 741381932, 117);
insert into clients (client_id, address_id, phone, login, password, NIP, order_id) values (237, 184, 174384530, 'Voyatouch', 'Prodder', 914251220, 118);
insert into clients (client_id, address_id, phone, login, password, NIP, order_id) values (238, 185, 282127631, 'Viva', 'Stringtough', 322820627, 119);
insert into clients (client_id, address_id, phone, login, password, NIP, order_id) values (239, 186, 403482507, 'Keylex', 'Ronstring', 743594187, 120);
insert into clients (client_id, address_id, phone, login, password, NIP, order_id) values (240, 187, 732063990, 'Holdlamis', 'Solarbreeze', 741566213, 121);
insert into clients (client_id, address_id, phone, login, password, NIP, order_id) values (241, 188, 339598040, 'Zaam-Dox', 'Cookley', 673917220, 122);
insert into clients (client_id, address_id, phone, login, password, NIP, order_id) values (242, 189, 108324808, 'Regrant', 'Zathin', 942451060, 123);
insert into clients (client_id, address_id, phone, login, password, NIP, order_id) values (243, 190, 858301702, 'Bitchip', 'Regrant', 693888719, 124);
insert into clients (client_id, address_id, phone, login, password, NIP, order_id) values (244, 191, 861627818, 'Regrant', 'Greenlam', 862227069, 125);
insert into clients (client_id, address_id, phone, login, password, NIP, order_id) values (245, 192, 896960192, 'Hatity', 'Daltfresh', 950034641, 126);
insert into clients (client_id, address_id, phone, login, password, NIP, order_id) values (246, 193, 447781737, 'Rank', 'Fintone', 334065441, 127);
insert into clients (client_id, address_id, phone, login, password, NIP, order_id) values (247, 194, 554502548, 'Span', 'Subin', 590954286, 128);
insert into clients (client_id, address_id, phone, login, password, NIP, order_id) values (248, 195, 597906108, 'Vagram', 'Stronghold', 811601627, 129);
insert into clients (client_id, address_id, phone, login, password, NIP, order_id) values (249, 196, 305183575, 'Holdlamis', 'Zathin', 334366165, 130);
insert into clients (client_id, address_id, phone, login, password, NIP, order_id) values (250, 197, 104825022, 'Job', 'Fintone', 982630220, 131);
insert into clients (client_id, address_id, phone, login, password, NIP, order_id) values (251, 198, 739257494, 'Temp', 'Alphazap', 330212703, 132);
insert into clients (client_id, address_id, phone, login, password, NIP, order_id) values (252, 199, 663705050, 'Ronstring', 'Aerified', 936205009, 133);
insert into clients (client_id, address_id, phone, login, password, NIP, order_id) values (253, 200, 404623234, 'Toughjoyfax', 'Sonsing', 223035527, 134);
insert into clients (client_id, address_id, phone, login, password, NIP, order_id) values (254, 20, 371294318, 'Treeflex', 'Bigtax', 759171467, 135);
insert into clients (client_id, address_id, phone, login, password, NIP, order_id) values (255, 21, 476239331, 'Konklab', 'Tres-Zap', 466164942, 136);
insert into clients (client_id, address_id, phone, login, password, NIP, order_id) values (256, 22, 969288870, 'Fix San', 'Latlux', 598027953, 137);
insert into clients (client_id, address_id, phone, login, password, NIP, order_id) values (257, 23, 265981269, 'Asoka', 'Zaam-Dox', 752312650, 138);
insert into clients (client_id, address_id, phone, login, password, NIP, order_id) values (258, 24, 938608572, 'Regrant', 'Otcom', 220990569, 139);
insert into clients (client_id, address_id, phone, login, password, NIP, order_id) values (259, 25, 304860504, 'Zontrax', 'Hatity', 921418981, 140);
insert into clients (client_id, address_id, phone, login, password, NIP, order_id) values (260, 26, 963914225, 'Stim', 'Treeflex', 458607384, 141);
insert into clients (client_id, address_id, phone, login, password, NIP, order_id) values (261, 27, 946740223, 'Quo Lux', 'Biodex', 978986972, 142);
insert into clients (client_id, address_id, phone, login, password, NIP, order_id) values (262, 28, 678158173, 'Fixflex', 'Cardify', 502409230, 143);
insert into clients (client_id, address_id, phone, login, password, NIP, order_id) values (263, 29, 323991637, 'Zamit', 'Cardify', 322807607, 144);
insert into clients (client_id, address_id, phone, login, password, NIP, order_id) values (264, 30, 575782253, 'Cardguard', 'Zamit', 425097461, 145);
insert into clients (client_id, address_id, phone, login, password, NIP, order_id) values (265, 31, 619301191, 'Voyatouch', 'Matsoft', 942092700, 146);
insert into clients (client_id, address_id, phone, login, password, NIP, order_id) values (266, 32, 499287092, 'Duobam', 'Zaam-Dox', 833523714, 147);
insert into clients (client_id, address_id, phone, login, password, NIP, order_id) values (267, 33, 446261866, 'Sonair', 'Cardify', 400323038, 148);
insert into clients (client_id, address_id, phone, login, password, NIP, order_id) values (268, 34, 492353748, 'Flowdesk', 'Matsoft', 786397163, 149);
insert into clients (client_id, address_id, phone, login, password, NIP, order_id) values (269, 35, 712775180, 'Bitwolf', 'Lotstring', 706651883, 150);
insert into clients (client_id, address_id, phone, login, password, NIP, order_id) values (270, 36, 772262691, 'Konklab', 'Holdlamis', 911809026, 151);
insert into clients (client_id, address_id, phone, login, password, NIP, order_id) values (271, 37, 190615982, 'Quo Lux', 'Overhold', 363912111, 152);
insert into clients (client_id, address_id, phone, login, password, NIP, order_id) values (272, 38, 393348873, 'Prodder', 'Regrant', 658353975, 153);
insert into clients (client_id, address_id, phone, login, password, NIP, order_id) values (273, 39, 427555420, 'Solarbreeze', 'Lotlux', 217886332, 154);
insert into clients (client_id, address_id, phone, login, password, NIP, order_id) values (274, 40, 581811462, 'Y-find', 'Holdlamis', 841522098, 155);
insert into clients (client_id, address_id, phone, login, password, NIP, order_id) values (275, 41, 572383992, 'Veribet', 'Trippledex', 748629035, 156);
insert into clients (client_id, address_id, phone, login, password, NIP, order_id) values (276, 42, 288592088, 'Redhold', 'Biodex', 703468899, 157);
insert into clients (client_id, address_id, phone, login, password, NIP, order_id) values (277, 43, 577000822, 'Bytecard', 'Konklux', 316102706, 158);
insert into clients (client_id, address_id, phone, login, password, NIP, order_id) values (278, 44, 328661108, 'Job', 'Holdlamis', 827209481, 159);
insert into clients (client_id, address_id, phone, login, password, NIP, order_id) values (279, 45, 160857108, 'Span', 'Otcom', 173690799, 160);
insert into clients (client_id, address_id, phone, login, password, NIP, order_id) values (280, 46, 594302204, 'Voyatouch', 'Zamit', 740822122, 42);
insert into clients (client_id, address_id, phone, login, password, NIP, order_id) values (281, 47, 618798942, 'Latlux', 'Tin', 950076152, 43);
insert into clients (client_id, address_id, phone, login, password, NIP, order_id) values (282, 48, 819139163, 'Domainer', 'Cardguard', 756778575, 44);
insert into clients (client_id, address_id, phone, login, password, NIP, order_id) values (283, 49, 387851970, 'Treeflex', 'Alpha', 573669764, 45);
insert into clients (client_id, address_id, phone, login, password, NIP, order_id) values (284, 50, 181901855, 'Transcof', 'Keylex', 680584616, 46);
insert into clients (client_id, address_id, phone, login, password, NIP, order_id) values (285, 51, 922859525, 'Sonsing', 'Toughjoyfax', 929878455, 47);
insert into clients (client_id, address_id, phone, login, password, NIP, order_id) values (286, 52, 123682142, 'Holdlamis', 'Stronghold', 614561125, 48);
insert into clients (client_id, address_id, phone, login, password, NIP, order_id) values (287, 53, 582397759, 'Pannier', 'Zoolab', 664723264, 49);
insert into clients (client_id, address_id, phone, login, password, NIP, order_id) values (288, 54, 438174865, 'Konklab', 'Zoolab', 225742025, 50);
insert into clients (client_id, address_id, phone, login, password, NIP, order_id) values (289, 55, 964510595, 'Bamity', 'Ronstring', 682014406, 51);
insert into clients (client_id, address_id, phone, login, password, NIP, order_id) values (290, 56, 258161300, 'Lotstring', 'Namfix', 239707921, 52);
insert into clients (client_id, address_id, phone, login, password, NIP, order_id) values (291, 57, 309546556, 'Konklab', 'Mat Lam Tam', 634935902, 53);
insert into clients (client_id, address_id, phone, login, password, NIP, order_id) values (292, 58, 830038302, 'Sonair', 'Zathin', 238964083, 54);
insert into clients (client_id, address_id, phone, login, password, NIP, order_id) values (293, 59, 367911347, 'Namfix', 'Zathin', 427179997, 55);
insert into clients (client_id, address_id, phone, login, password, NIP, order_id) values (294, 60, 595534861, 'Daltfresh', 'Lotlux', 847556869, 56);
insert into clients (client_id, address_id, phone, login, password, NIP, order_id) values (295, 61, 771842028, 'Sonair', 'Daltfresh', 590570954, 57);
insert into clients (client_id, address_id, phone, login, password, NIP, order_id) values (296, 62, 440408990, 'Solarbreeze', 'Bitchip', 912780328, 58);
insert into clients (client_id, address_id, phone, login, password, NIP, order_id) values (297, 63, 531425566, 'Temp', 'Bamity', 655552300, 59);
insert into clients (client_id, address_id, phone, login, password, NIP, order_id) values (298, 64, 391726155, 'Konklux', 'Vagram', 810562712, 60);
insert into clients (client_id, address_id, phone, login, password, NIP, order_id) values (299, 65, 405829820, 'Voltsillam', 'Ventosanzap', 166697908, 61);
insert into clients (client_id, address_id, phone, login, password, NIP, order_id) values (300, 66, 164631976, 'Mat Lam Tam', 'Prodder', 752719993, 62);

insert into products (product_id, product_name, production_date, factory_price, shop_price, suplier_id) values (1, 'Ogrzewacz wody elektroniczny Stiebel Eltron EIL Premium 3 kW', '4/6/2021', '$39.77', '$73.69', 1);
insert into products (product_id, product_name, production_date, factory_price, shop_price, suplier_id) values (2, 'Ogrzewacz wody elektroniczny Stiebel Eltron EIL Premium 4 kW', '7/15/2020', '$42.52', '$68.13', 2);
insert into products (product_id, product_name, production_date, factory_price, shop_price, suplier_id) values (3, 'Ogrzewacz wody elektroniczny Stiebel Eltron EIL Premium 6 kW', '2/20/2021', '$14.06', '$83.53', 3);
insert into products (product_id, product_name, production_date, factory_price, shop_price, suplier_id) values (4, 'Wymiennik Galmet z podwójną wężownicą poliuretan 100 l', '9/13/2020', '$27.46', '$95.61', 4);
insert into products (product_id, product_name, production_date, factory_price, shop_price, suplier_id) values (5, 'Ogrzewacz wody elektroniczny Stiebel Eltron EIL Premium 6 kW', '12/12/2020', '$47.81', '$79.89', 5);
insert into products (product_id, product_name, production_date, factory_price, shop_price, suplier_id) values (6, 'Termostat pokojowy DK Logic 100', '5/4/2021', '$34.77', '$86.68', 6);
insert into products (product_id, product_name, production_date, factory_price, shop_price, suplier_id) values (7, 'Podgrzewacz elektryczny Regent pionowy 80 V EU2 80 l', '8/24/2020', '$31.46', '$83.01', 7);
insert into products (product_id, product_name, production_date, factory_price, shop_price, suplier_id) values (8, 'Ogrzewacz wody przepływowy Stiebel Eltron EIL Trend 3 kW z baterią OT', '6/16/2020', '$29.27', '$80.65', 8);
insert into products (product_id, product_name, production_date, factory_price, shop_price, suplier_id) values (9, 'Podgrzewacz Fala z baterią i zestawem natryskowym', '7/27/2020', '$47.90', '$61.66', 9);
insert into products (product_id, product_name, production_date, factory_price, shop_price, suplier_id) values (10, 'Wymiennik Galmet z podwójną wężownicą poliuretan 80 l', '11/25/2020', '$2.07', '$76.66', 10);
insert into products (product_id, product_name, production_date, factory_price, shop_price, suplier_id) values (11, 'Podgrzewacz Ariston Blu 1 r 50 v  pionowy', '1/25/2021', '$17.17', '$63.57', 11);
insert into products (product_id, product_name, production_date, factory_price, shop_price, suplier_id) values (12, 'Podgrzewacz gazowy Junkers WRD10-4KB LPG', '3/10/2021', '$43.07', '$58.36', 12);
insert into products (product_id, product_name, production_date, factory_price, shop_price, suplier_id) values (13, 'Wymiennik Galmet z podwójną wężownicą poliuretan 80 l', '10/21/2020', '$31.62', '$82.94', 13);
insert into products (product_id, product_name, production_date, factory_price, shop_price, suplier_id) values (14, 'Podgrzewacz gazowy Junkers WRD10-4KB LPG', '2/21/2021', '$37.23', '$91.15', 14);
insert into products (product_id, product_name, production_date, factory_price, shop_price, suplier_id) values (15, 'Podgrzewacz gazowy Junkers WRD10-4KB LPG', '12/28/2020', '$7.42', '$68.11', 15);
insert into products (product_id, product_name, production_date, factory_price, shop_price, suplier_id) values (16, 'Ogrzewacz gazowy Ferroli Zefiro Eco-11 GZ-50', '3/29/2021', '$2.09', '$74.77', 16);
insert into products (product_id, product_name, production_date, factory_price, shop_price, suplier_id) values (17, 'Ogrzewacz elektryczny Ariston Andris 6 UR', '11/8/2020', '$41.19', '$81.81', 17);
insert into products (product_id, product_name, production_date, factory_price, shop_price, suplier_id) values (18, 'Ogrzewacz wody elektroniczny Stiebel Eltron EIL Premium 7 kW', '4/11/2021', '$22.78', '$74.56', 18);
insert into products (product_id, product_name, production_date, factory_price, shop_price, suplier_id) values (19, 'Ogrzewacz gazowy Ferroli Zefiro Eco-11 LPG', '9/4/2020', '$48.95', '$93.47', 19);
insert into products (product_id, product_name, production_date, factory_price, shop_price, suplier_id) values (20, 'Wymiennik Galmet z podwójną wężownicą poliuretan 100 l', '4/22/2021', '$26.98', '$68.98', 20);
insert into products (product_id, product_name, production_date, factory_price, shop_price, suplier_id) values (21, 'Ogrzewacz gazowy Ferroli Zefiro Eco-11 LPG', '9/5/2020', '$16.58', '$53.57', 21);
insert into products (product_id, product_name, production_date, factory_price, shop_price, suplier_id) values (22, 'Ogrzewacz wody elektroniczny Stiebel Eltron EIL Premium 6 kW', '7/24/2020', '$6.07', '$63.32', 22);
insert into products (product_id, product_name, production_date, factory_price, shop_price, suplier_id) values (23, 'Ogrzewacz gazowy Ariston FAST R X ONM 11', '8/23/2020', '$25.35', '$52.53', 23);
insert into products (product_id, product_name, production_date, factory_price, shop_price, suplier_id) values (24, 'Ogrzewacz wody przepływowy Stiebel Eltron EIL Trend 3 kW z baterią OT', '11/24/2020', '$14.93', '$60.94', 24);
insert into products (product_id, product_name, production_date, factory_price, shop_price, suplier_id) values (25, 'Ogrzewacz wody elektroniczny Stiebel Eltron EIL Premium 6 kW', '8/1/2020', '$40.59', '$78.92', 25);
insert into products (product_id, product_name, production_date, factory_price, shop_price, suplier_id) values (26, 'Ogrzewacz wody przepływowy Stiebel Eltron EIL Trend 3 kW z baterią OT', '1/9/2021', '$43.84', '$68.77', 26);
insert into products (product_id, product_name, production_date, factory_price, shop_price, suplier_id) values (27, 'Ogrzewacz wody przepływowy Stiebel Eltron EIL Trend 3 kW z baterią OT', '10/25/2020', '$49.44', '$79.62', 27);
insert into products (product_id, product_name, production_date, factory_price, shop_price, suplier_id) values (28, 'Ogrzewacz gazowy Ariston FAST R X ONM 11', '1/31/2021', '$15.69', '$82.78', 28);
insert into products (product_id, product_name, production_date, factory_price, shop_price, suplier_id) values (29, 'Ogrzewacz wody elektroniczny Stiebel Eltron EIL Premium 4 kW', '12/7/2020', '$27.06', '$97.32', 29);
insert into products (product_id, product_name, production_date, factory_price, shop_price, suplier_id) values (30, 'Podgrzewacz elektryczny Biawar 1500 W 5 l z baterią', '4/5/2021', '$32.07', '$88.19', 30);
insert into products (product_id, product_name, production_date, factory_price, shop_price, suplier_id) values (31, 'Podgrzewacz Fala z baterią i zestawem natryskowym', '2/6/2021', '$18.07', '$97.84', 31);
insert into products (product_id, product_name, production_date, factory_price, shop_price, suplier_id) values (32, 'Wymiennik Galmet z podwójną wężownicą poliuretan 120 l', '3/8/2021', '$40.94', '$58.96', 32);
insert into products (product_id, product_name, production_date, factory_price, shop_price, suplier_id) values (33, 'Podgrzewacz elektryczny Regent pionowy 80 V EU2 80 l', '11/5/2020', '$41.90', '$51.35', 33);
insert into products (product_id, product_name, production_date, factory_price, shop_price, suplier_id) values (34, 'Termostat pokojowy DK System Logic 250', '8/20/2020', '$4.84', '$73.01', 34);
insert into products (product_id, product_name, production_date, factory_price, shop_price, suplier_id) values (35, 'Wymiennik Galmet z podwójną wężownicą poliuretan 100 l', '2/3/2021', '$34.41', '$56.20', 35);
insert into products (product_id, product_name, production_date, factory_price, shop_price, suplier_id) values (36, 'Ogrzewacz gazowy Junkers 4200 WR 10-4KB', '3/2/2021', '$37.57', '$60.53', 36);
insert into products (product_id, product_name, production_date, factory_price, shop_price, suplier_id) values (37, 'Podgrzewacz Fala z baterią i zestawem natryskowym', '6/8/2020', '$4.84', '$68.55', 37);
insert into products (product_id, product_name, production_date, factory_price, shop_price, suplier_id) values (38, 'Ogrzewacz gazowy Junkers 4200 WR 10-4KB', '3/14/2021', '$49.65', '$51.92', 38);
insert into products (product_id, product_name, production_date, factory_price, shop_price, suplier_id) values (39, 'Ogrzewacz elektryczny Ariston Aures 24 kW', '9/11/2020', '$17.89', '$59.07', 39);
insert into products (product_id, product_name, production_date, factory_price, shop_price, suplier_id) values (40, 'Podgrzewacz gazowy Termet Termaq GE19-02', '8/24/2020', '$46.34', '$87.37', 40);
insert into products (product_id, product_name, production_date, factory_price, shop_price, suplier_id) values (41, 'Ogrzewacz wody elektroniczny Stiebel Eltron EIL Premium 6 kW', '7/31/2020', '$38.11', '$88.36', 41);
insert into products (product_id, product_name, production_date, factory_price, shop_price, suplier_id) values (42, 'Podgrzewacz elektryczny Biawar 1500 W 10 l z baterią', '7/30/2020', '$16.22', '$62.49', 42);
insert into products (product_id, product_name, production_date, factory_price, shop_price, suplier_id) values (43, 'Podgrzewacz elektryczny Biawar 1500 W 5 l z baterią', '8/19/2020', '$26.84', '$95.85', 43);
insert into products (product_id, product_name, production_date, factory_price, shop_price, suplier_id) values (44, 'Wymiennik Galmet z podwójną wężownicą poliuretan 100 l', '11/9/2020', '$20.98', '$92.57', 44);
insert into products (product_id, product_name, production_date, factory_price, shop_price, suplier_id) values (45, 'Podgrzewacz Ariston Blu 1 r 50 v  pionowy', '7/18/2020', '$43.38', '$52.16', 45);
insert into products (product_id, product_name, production_date, factory_price, shop_price, suplier_id) values (46, 'Podgrzewacz Ariston Blu 1 r 50 v  pionowy', '5/5/2021', '$45.23', '$64.39', 46);
insert into products (product_id, product_name, production_date, factory_price, shop_price, suplier_id) values (47, 'Podgrzewacz gazowy Junkers WRD10-4KB LPG', '12/13/2020', '$33.08', '$96.67', 47);
insert into products (product_id, product_name, production_date, factory_price, shop_price, suplier_id) values (48, 'Ogrzewacz wody elektroniczny Stiebel Eltron EIL Premium 7 kW', '12/31/2020', '$20.95', '$69.44', 48);
insert into products (product_id, product_name, production_date, factory_price, shop_price, suplier_id) values (49, 'Ogrzewacz wody elektroniczny Stiebel Eltron EIL Premium 4 kW', '7/16/2020', '$14.94', '$69.30', 49);
insert into products (product_id, product_name, production_date, factory_price, shop_price, suplier_id) values (50, 'Podgrzewacz Fala z baterią i zestawem natryskowym', '10/5/2020', '$27.96', '$85.59', 50);
insert into products (product_id, product_name, production_date, factory_price, shop_price, suplier_id) values (51, 'Podgrzewacz Fala z baterią i zestawem natryskowym', '4/11/2021', '$47.39', '$85.32', 51);
insert into products (product_id, product_name, production_date, factory_price, shop_price, suplier_id) values (52, 'Ogrzewacz wody elektroniczny Stiebel Eltron EIL Premium 4 kW', '9/20/2020', '$28.21', '$54.83', 52);
insert into products (product_id, product_name, production_date, factory_price, shop_price, suplier_id) values (53, 'Podgrzewacz gazowy Junkers WRD10-4KB LPG', '10/25/2020', '$3.25', '$62.17', 53);
insert into products (product_id, product_name, production_date, factory_price, shop_price, suplier_id) values (54, 'Ogrzewacz elektryczny Ariston Aures 18 kW', '10/10/2020', '$2.17', '$88.67', 54);
insert into products (product_id, product_name, production_date, factory_price, shop_price, suplier_id) values (55, 'Ogrzewacz wody elektroniczny Stiebel Eltron EIL Premium 4 kW', '12/27/2020', '$11.49', '$75.82', 55);
insert into products (product_id, product_name, production_date, factory_price, shop_price, suplier_id) values (56, 'Ogrzewacz wody przepływowy Fala 3 kW z baterią', '7/9/2020', '$34.19', '$75.56', 56);
insert into products (product_id, product_name, production_date, factory_price, shop_price, suplier_id) values (57, 'Ogrzewacz elektryczny Ariston Aures 24 kW', '3/15/2021', '$28.37', '$72.03', 57);
insert into products (product_id, product_name, production_date, factory_price, shop_price, suplier_id) values (58, 'Ogrzewacz wody elektroniczny Stiebel Eltron EIL Premium 3 kW', '4/13/2021', '$33.84', '$59.21', 58);
insert into products (product_id, product_name, production_date, factory_price, shop_price, suplier_id) values (59, 'Ogrzewacz wody przepływowy Stiebel Eltron EIL Trend 3 kW z baterią OT', '2/14/2021', '$42.65', '$76.13', 59);
insert into products (product_id, product_name, production_date, factory_price, shop_price, suplier_id) values (60, 'Podgrzewacz gazowy Termet Termaq GE19-02', '8/26/2020', '$1.59', '$72.61', 60);
insert into products (product_id, product_name, production_date, factory_price, shop_price, suplier_id) values (61, 'Ogrzewacz elektryczny Ariston Aures 18 kW', '5/17/2021', '$28.86', '$79.76', 61);
insert into products (product_id, product_name, production_date, factory_price, shop_price, suplier_id) values (62, 'Ogrzewacz wody elektroniczny Stiebel Eltron EIL Premium 7 kW', '6/17/2020', '$45.76', '$80.95', 62);
insert into products (product_id, product_name, production_date, factory_price, shop_price, suplier_id) values (63, 'Ogrzewacz wody przepływowy Stiebel Eltron EIL Trend 3 kW z baterią OT', '3/11/2021', '$35.99', '$52.05', 63);
insert into products (product_id, product_name, production_date, factory_price, shop_price, suplier_id) values (64, 'Ogrzewacz gazowy Ferroli Zefiro Eco-11 LPG', '1/18/2021', '$35.39', '$83.03', 64);
insert into products (product_id, product_name, production_date, factory_price, shop_price, suplier_id) values (65, 'Ogrzewacz wody elektroniczny Stiebel Eltron EIL Premium 3 kW', '12/15/2020', '$14.13', '$66.36', 65);
insert into products (product_id, product_name, production_date, factory_price, shop_price, suplier_id) values (66, 'Wymiennik Galmet z podwójną wężownicą poliuretan 120 l', '1/16/2021', '$13.90', '$65.69', 66);
insert into products (product_id, product_name, production_date, factory_price, shop_price, suplier_id) values (67, 'Ogrzewacz elektryczny Ariston Aures 24 kW', '3/5/2021', '$29.94', '$75.61', 67);
insert into products (product_id, product_name, production_date, factory_price, shop_price, suplier_id) values (68, 'Podgrzewacz elektryczny Novelo Tesy pionowy 50 l', '3/4/2021', '$42.71', '$81.80', 68);
insert into products (product_id, product_name, production_date, factory_price, shop_price, suplier_id) values (69, 'Wymiennik Galmet z podwójną wężownicą poliuretan 80 l', '2/24/2021', '$44.73', '$68.12', 69);
insert into products (product_id, product_name, production_date, factory_price, shop_price, suplier_id) values (70, 'Podgrzewacz gazowy Termet Termaq GE19-02', '10/19/2020', '$39.55', '$84.60', 70);
insert into products (product_id, product_name, production_date, factory_price, shop_price, suplier_id) values (71, 'Podgrzewacz elektryczny Regent pionowy 80 V EU2 80 l', '7/6/2020', '$20.06', '$97.24', 71);
insert into products (product_id, product_name, production_date, factory_price, shop_price, suplier_id) values (72, 'Podgrzewacz elektryczny Biawar 1500 W 5 l z baterią', '1/6/2021', '$37.72', '$70.49', 72);
insert into products (product_id, product_name, production_date, factory_price, shop_price, suplier_id) values (73, 'Termostat pokojowy DK System Logic 250', '3/21/2021', '$11.65', '$82.82', 73);
insert into products (product_id, product_name, production_date, factory_price, shop_price, suplier_id) values (74, 'Termostat pokojowy DK Logic 100', '4/4/2021', '$44.72', '$69.30', 74);
insert into products (product_id, product_name, production_date, factory_price, shop_price, suplier_id) values (75, 'Podgrzewacz elektryczny Regent pionowy 80 V EU2 80 l', '11/12/2020', '$2.10', '$63.15', 75);
insert into products (product_id, product_name, production_date, factory_price, shop_price, suplier_id) values (76, 'Podgrzewacz elektryczny Biawar 1500 W 5 l z baterią', '5/19/2021', '$22.63', '$64.01', 76);
insert into products (product_id, product_name, production_date, factory_price, shop_price, suplier_id) values (77, 'Podgrzewacz elektryczny Regent pionowy 80 V EU2 80 l', '11/19/2020', '$10.12', '$75.67', 77);
insert into products (product_id, product_name, production_date, factory_price, shop_price, suplier_id) values (78, 'Ogrzewacz wody przepływowy Stiebel Eltron EIL Trend 3 kW z baterią OT', '7/30/2020', '$25.02', '$63.18', 78);
insert into products (product_id, product_name, production_date, factory_price, shop_price, suplier_id) values (79, 'Termostat pokojowy DK Logic 100', '8/2/2020', '$10.33', '$60.83', 79);
insert into products (product_id, product_name, production_date, factory_price, shop_price, suplier_id) values (80, 'Wymiennik Galmet z podwójną wężownicą poliuretan 140 l', '6/29/2020', '$10.89', '$89.56', 80);
insert into products (product_id, product_name, production_date, factory_price, shop_price, suplier_id) values (81, 'Podgrzewacz elektryczny Biawar 1500 W 10 l z baterią', '12/28/2020', '$47.42', '$50.90', 81);
insert into products (product_id, product_name, production_date, factory_price, shop_price, suplier_id) values (82, 'Termostat pokojowy DK Logic 100', '1/10/2021', '$27.08', '$82.22', 82);
insert into products (product_id, product_name, production_date, factory_price, shop_price, suplier_id) values (83, 'Ogrzewacz elektryczny Ariston Aures 18 kW', '9/25/2020', '$42.68', '$59.68', 83);
insert into products (product_id, product_name, production_date, factory_price, shop_price, suplier_id) values (84, 'Ogrzewacz wody elektroniczny Stiebel Eltron EIL Premium 4 kW', '2/28/2021', '$14.05', '$91.83', 84);
insert into products (product_id, product_name, production_date, factory_price, shop_price, suplier_id) values (85, 'Podgrzewacz elektryczny Biawar 1500 W 5 l z baterią', '11/14/2020', '$40.97', '$61.87', 85);
insert into products (product_id, product_name, production_date, factory_price, shop_price, suplier_id) values (86, 'Ogrzewacz wody elektroniczny Stiebel Eltron EIL Premium 4 kW', '8/15/2020', '$15.64', '$69.43', 86);
insert into products (product_id, product_name, production_date, factory_price, shop_price, suplier_id) values (87, 'Ogrzewacz elektryczny Ariston Aures 18 kW', '4/25/2021', '$42.07', '$98.46', 87);
insert into products (product_id, product_name, production_date, factory_price, shop_price, suplier_id) values (88, 'Ogrzewacz gazowy Junkers 4200 WR 10-4KB', '3/21/2021', '$31.16', '$81.92', 88);
insert into products (product_id, product_name, production_date, factory_price, shop_price, suplier_id) values (89, 'Ogrzewacz elektryczny Ariston Aures 18 kW', '4/21/2021', '$7.74', '$94.15', 89);
insert into products (product_id, product_name, production_date, factory_price, shop_price, suplier_id) values (90, 'Podgrzewacz Ariston Blu 1 r 50 v  pionowy', '3/30/2021', '$45.43', '$76.09', 90);
insert into products (product_id, product_name, production_date, factory_price, shop_price, suplier_id) values (91, 'Ogrzewacz gazowy Ferroli Zefiro Eco-11 LPG', '5/13/2021', '$48.90', '$60.56', 91);
insert into products (product_id, product_name, production_date, factory_price, shop_price, suplier_id) values (92, 'Podgrzewacz elektryczny Novelo Tesy pionowy 80 l', '1/24/2021', '$44.92', '$53.53', 92);
insert into products (product_id, product_name, production_date, factory_price, shop_price, suplier_id) values (93, 'Ogrzewacz gazowy Ferroli Zefiro Eco-11 LPG', '1/20/2021', '$9.50', '$84.88', 93);
insert into products (product_id, product_name, production_date, factory_price, shop_price, suplier_id) values (94, 'Termostat pokojowy DK Logic 100', '4/21/2021', '$42.61', '$73.11', 94);
insert into products (product_id, product_name, production_date, factory_price, shop_price, suplier_id) values (95, 'Wymiennik Galmet z podwójną wężownicą poliuretan 140 l', '9/18/2020', '$20.59', '$78.67', 95);
insert into products (product_id, product_name, production_date, factory_price, shop_price, suplier_id) values (96, 'Podgrzewacz elektryczny Novelo Tesy pionowy 50 l', '11/26/2020', '$32.62', '$78.65', 96);
insert into products (product_id, product_name, production_date, factory_price, shop_price, suplier_id) values (97, 'Ogrzewacz elektryczny Ariston Aures 24 kW', '8/2/2020', '$30.76', '$55.50', 97);
insert into products (product_id, product_name, production_date, factory_price, shop_price, suplier_id) values (98, 'Ogrzewacz elektryczny Ariston Andris 6 OR', '3/6/2021', '$13.25', '$62.00', 98);
insert into products (product_id, product_name, production_date, factory_price, shop_price, suplier_id) values (99, 'Ogrzewacz wody przepływowy Fala 3 kW z baterią', '3/24/2021', '$7.32', '$63.00', 99);
insert into products (product_id, product_name, production_date, factory_price, shop_price, suplier_id) values (100, 'Podgrzewacz gazowy Termet Termaq GE19-02', '6/5/2020', '$7.55', '$56.39', 100);

insert into workers (worker_id, first_name, last_name, salary, hire_date, employment_type, manager_id, shop_id, orders) values (1, 'Albert', 'Adamczyk', '$3412.24', '7/8/2020', 'księgowy', 8, 46, 129);
insert into workers (worker_id, first_name, last_name, salary, hire_date, employment_type, manager_id, shop_id, orders) values (2, 'Alfred', 'Piotrowski', '$7227.35', '11/2/2020', 'sprzątaczka', 9, 21, 252);
insert into workers (worker_id, first_name, last_name, salary, hire_date, employment_type, manager_id, shop_id, orders) values (3, 'Apolonia', 'Kozłowski', '$2894.61', '6/7/2020', 'sekretarka', 31, 84, 136);
insert into workers (worker_id, first_name, last_name, salary, hire_date, employment_type, manager_id, shop_id, orders) values (4, 'Apolonia', 'Zieliński', '$3559.73', '5/4/2021', 'księgowy', 35, 63, 8);
insert into workers (worker_id, first_name, last_name, salary, hire_date, employment_type, manager_id, shop_id, orders) values (5, 'Alfred', 'Wójcik', '$3206.57', '9/26/2020', 'sprzątaczka', 2, 77, 92);
insert into workers (worker_id, first_name, last_name, salary, hire_date, employment_type, manager_id, shop_id, orders) values (6, 'Amelia', 'Nowakowski', '$2719.53', '4/26/2021', 'magazynier', 24, 86, 265);
insert into workers (worker_id, first_name, last_name, salary, hire_date, employment_type, manager_id, shop_id, orders) values (7, 'Anzelm', 'Wieczorek', '$8137.43', '1/19/2021', 'księgowy', 5, 67, 192);
insert into workers (worker_id, first_name, last_name, salary, hire_date, employment_type, manager_id, shop_id, orders) values (8, 'Arkadiusz', 'Kozłowski', '$8092.55', '6/15/2020', 'księgowy', 29, 90, 1);
insert into workers (worker_id, first_name, last_name, salary, hire_date, employment_type, manager_id, shop_id, orders) values (9, 'Adrian', 'Kamiński', '$1091.61', '8/8/2020', 'sprzątaczka', 22, 94, 134);
insert into workers (worker_id, first_name, last_name, salary, hire_date, employment_type, manager_id, shop_id, orders) values (10, 'Anzelm', 'Wieczorek', '$8555.35', '10/17/2020', 'dozorca', 29, 96, 281);
insert into workers (worker_id, first_name, last_name, salary, hire_date, employment_type, manager_id, shop_id, orders) values (11, 'Arlena', 'Kamiński', '$8308.58', '1/24/2021', 'sprzątaczka', 39, 98, 213);
insert into workers (worker_id, first_name, last_name, salary, hire_date, employment_type, manager_id, shop_id, orders) values (12, 'Arnolf', 'Kowalczyk', '$4734.24', '6/20/2020', 'księgowy', 34, 52, 279);
insert into workers (worker_id, first_name, last_name, salary, hire_date, employment_type, manager_id, shop_id, orders) values (13, 'Albert', 'Woźniak', '$7008.36', '12/7/2020', 'księgowy', 20, 98, 143);
insert into workers (worker_id, first_name, last_name, salary, hire_date, employment_type, manager_id, shop_id, orders) values (14, 'Aniela', 'Kowalski', '$4509.71', '12/14/2020', 'dozorca', 17, 40, 37);
insert into workers (worker_id, first_name, last_name, salary, hire_date, employment_type, manager_id, shop_id, orders) values (15, 'Anatol', 'Adamczyk', '$4507.14', '10/19/2020', 'dozorca', 11, 42, 279);
insert into workers (worker_id, first_name, last_name, salary, hire_date, employment_type, manager_id, shop_id, orders) values (16, 'Apolonia', 'Kozłowski', '$4897.54', '3/4/2021', 'dozorca', 39, 74, 38);
insert into workers (worker_id, first_name, last_name, salary, hire_date, employment_type, manager_id, shop_id, orders) values (17, 'Adam', 'Kwiatkowski', '$9530.19', '1/21/2021', 'magazynier', 14, 80, 269);
insert into workers (worker_id, first_name, last_name, salary, hire_date, employment_type, manager_id, shop_id, orders) values (18, 'Anzelm', 'Nowak', '$3983.44', '10/9/2020', 'księgowy', 23, 2, 188);
insert into workers (worker_id, first_name, last_name, salary, hire_date, employment_type, manager_id, shop_id, orders) values (19, 'Arnolf', 'Nowicki', '$9262.87', '5/16/2021', 'sprzedawca', 9, 1, 168);
insert into workers (worker_id, first_name, last_name, salary, hire_date, employment_type, manager_id, shop_id, orders) values (20, 'Alfred', 'Wieczorek', '$5804.51', '12/23/2020', 'księgowy', 27, 7, 105);
insert into workers (worker_id, first_name, last_name, salary, hire_date, employment_type, manager_id, shop_id, orders) values (21, 'Agata', 'Jankowski', '$3188.12', '4/20/2021', 'sekretarka', 21, 66, 92);
insert into workers (worker_id, first_name, last_name, salary, hire_date, employment_type, manager_id, shop_id, orders) values (22, 'Aleksander', 'Kowalski', '$3377.95', '9/26/2020', 'sekretarka', 12, 47, 79);
insert into workers (worker_id, first_name, last_name, salary, hire_date, employment_type, manager_id, shop_id, orders) values (23, 'Ariadna', 'Grabowski', '$4992.44', '7/13/2020', 'sprzedawca', 40, 17, 186);
insert into workers (worker_id, first_name, last_name, salary, hire_date, employment_type, manager_id, shop_id, orders) values (24, 'Albert', 'Nowakowski', '$2279.86', '12/2/2020', 'księgowy', 15, 78, 206);
insert into workers (worker_id, first_name, last_name, salary, hire_date, employment_type, manager_id, shop_id, orders) values (25, 'Antoni', 'Michalski', '$7233.66', '3/2/2021', 'sprzedawca', 31, 65, 167);
insert into workers (worker_id, first_name, last_name, salary, hire_date, employment_type, manager_id, shop_id, orders) values (26, 'Apolinary', 'Michalski', '$2934.06', '2/5/2021', 'sprzedawca', 38, 91, 288);
insert into workers (worker_id, first_name, last_name, salary, hire_date, employment_type, manager_id, shop_id, orders) values (27, 'Arlena', 'Wieczorek', '$3515.75', '9/25/2020', 'magazynier', 39, 95, 99);
insert into workers (worker_id, first_name, last_name, salary, hire_date, employment_type, manager_id, shop_id, orders) values (28, 'Amelia', 'Szymański', '$9081.15', '4/15/2021', 'księgowy', 7, 68, 83);
insert into workers (worker_id, first_name, last_name, salary, hire_date, employment_type, manager_id, shop_id, orders) values (29, 'Adrian', 'Krawczyk', '$8879.01', '10/26/2020', 'sekretarka', 13, 40, 62);
insert into workers (worker_id, first_name, last_name, salary, hire_date, employment_type, manager_id, shop_id, orders) values (30, 'Alberta', 'Adamczyk', '$7942.51', '12/19/2020', 'magazynier', 16, 28, 116);
insert into workers (worker_id, first_name, last_name, salary, hire_date, employment_type, manager_id, shop_id, orders) values (31, 'Aleksandra', 'Wieczorek', '$5217.67', '2/18/2021', 'sprzątaczka', 6, 5, 206);
insert into workers (worker_id, first_name, last_name, salary, hire_date, employment_type, manager_id, shop_id, orders) values (32, 'Adrian', 'Zieliński', '$5667.68', '4/25/2021', 'księgowy', 22, 23, 268);
insert into workers (worker_id, first_name, last_name, salary, hire_date, employment_type, manager_id, shop_id, orders) values (33, 'Apolonia', 'Mazur', '$3388.76', '3/19/2021', 'dozorca', 14, 70, 30);
insert into workers (worker_id, first_name, last_name, salary, hire_date, employment_type, manager_id, shop_id, orders) values (34, 'Antonina', 'Nowakowski', '$9491.84', '9/28/2020', 'sprzątaczka', 31, 76, 282);
insert into workers (worker_id, first_name, last_name, salary, hire_date, employment_type, manager_id, shop_id, orders) values (35, 'Anastazy', 'Kozłowski', '$2305.95', '1/15/2021', 'sprzedawca', 29, 77, 10);
insert into workers (worker_id, first_name, last_name, salary, hire_date, employment_type, manager_id, shop_id, orders) values (36, 'Amadeusz', 'Zieliński', '$5537.44', '10/8/2020', 'sprzątaczka', 3, 16, 270);
insert into workers (worker_id, first_name, last_name, salary, hire_date, employment_type, manager_id, shop_id, orders) values (37, 'Adam', 'Nowakowski', '$3511.59', '7/24/2020', 'księgowy', 19, 47, 241);
insert into workers (worker_id, first_name, last_name, salary, hire_date, employment_type, manager_id, shop_id, orders) values (38, 'Anzelm', 'Nowak', '$9674.33', '4/1/2021', 'sprzątaczka', 13, 79, 55);
insert into workers (worker_id, first_name, last_name, salary, hire_date, employment_type, manager_id, shop_id, orders) values (39, 'Aneta', 'Dąbrowski', '$3796.21', '12/22/2020', 'dozorca', 10, 34, 278);
insert into workers (worker_id, first_name, last_name, salary, hire_date, employment_type, manager_id, shop_id, orders) values (40, 'Ambroży', 'Kamiński', '$9108.87', '4/29/2021', 'magazynier', 33, 23, 211);
insert into workers (worker_id, first_name, last_name, salary, hire_date, employment_type, manager_id, shop_id, orders) values (41, 'Anastazy', 'Dudek', '$2813.28', '8/19/2020', 'księgowy', 29, 23, 188);
insert into workers (worker_id, first_name, last_name, salary, hire_date, employment_type, manager_id, shop_id, orders) values (42, 'Anna', 'Mazur', '$6937.37', '8/8/2020', 'dozorca', 40, 40, 79);
insert into workers (worker_id, first_name, last_name, salary, hire_date, employment_type, manager_id, shop_id, orders) values (43, 'Alfred', 'Kamiński', '$9725.89', '7/27/2020', 'księgowy', 34, 35, 280);
insert into workers (worker_id, first_name, last_name, salary, hire_date, employment_type, manager_id, shop_id, orders) values (44, 'Antoni', 'Nowicki', '$4072.88', '10/31/2020', 'dozorca', 14, 71, 190);
insert into workers (worker_id, first_name, last_name, salary, hire_date, employment_type, manager_id, shop_id, orders) values (45, 'Agata', 'Piotrowski', '$8799.67', '9/17/2020', 'sekretarka', 26, 23, 105);
insert into workers (worker_id, first_name, last_name, salary, hire_date, employment_type, manager_id, shop_id, orders) values (46, 'Alfred', 'Nowakowski', '$6590.67', '7/31/2020', 'księgowy', 30, 70, 219);
insert into workers (worker_id, first_name, last_name, salary, hire_date, employment_type, manager_id, shop_id, orders) values (47, 'Amelia', 'Jankowski', '$3914.62', '6/18/2020', 'sprzątaczka', 19, 85, 170);
insert into workers (worker_id, first_name, last_name, salary, hire_date, employment_type, manager_id, shop_id, orders) values (48, 'Aneta', 'Kozłowski', '$5984.15', '8/9/2020', 'sprzedawca', 3, 48, 259);
insert into workers (worker_id, first_name, last_name, salary, hire_date, employment_type, manager_id, shop_id, orders) values (49, 'Anastazy', 'Adamczyk', '$8686.06', '1/15/2021', 'sekretarka', 34, 53, 23);
insert into workers (worker_id, first_name, last_name, salary, hire_date, employment_type, manager_id, shop_id, orders) values (50, 'Arkadiusz', 'Lewandowski', '$5255.83', '10/12/2020', 'dozorca', 22, 98, 221);
insert into workers (worker_id, first_name, last_name, salary, hire_date, employment_type, manager_id, shop_id, orders) values (51, 'Ada', 'Grabowski', '$9699.27', '2/10/2021', 'magazynier', 36, 44, 281);
insert into workers (worker_id, first_name, last_name, salary, hire_date, employment_type, manager_id, shop_id, orders) values (52, 'Apolonia', 'Wieczorek', '$7412.21', '12/10/2020', 'sekretarka', 17, 85, 177);
insert into workers (worker_id, first_name, last_name, salary, hire_date, employment_type, manager_id, shop_id, orders) values (53, 'Aldona', 'Kozłowski', '$8933.41', '6/12/2020', 'sprzątaczka', 12, 34, 256);
insert into workers (worker_id, first_name, last_name, salary, hire_date, employment_type, manager_id, shop_id, orders) values (54, 'Agata', 'Piotrowski', '$7160.05', '10/1/2020', 'sprzedawca', 36, 99, 156);
insert into workers (worker_id, first_name, last_name, salary, hire_date, employment_type, manager_id, shop_id, orders) values (55, 'Arkadiusz', 'Mazur', '$5895.29', '1/1/2021', 'księgowy', 8, 31, 201);
insert into workers (worker_id, first_name, last_name, salary, hire_date, employment_type, manager_id, shop_id, orders) values (56, 'Angelika', 'Wójcik', '$5909.18', '4/27/2021', 'sprzątaczka', 7, 91, 166);
insert into workers (worker_id, first_name, last_name, salary, hire_date, employment_type, manager_id, shop_id, orders) values (57, 'Adam', 'Zając', '$6992.56', '7/6/2020', 'sekretarka', 11, 7, 245);
insert into workers (worker_id, first_name, last_name, salary, hire_date, employment_type, manager_id, shop_id, orders) values (58, 'Angelika', 'Adamczyk', '$2765.24', '4/7/2021', 'księgowy', 19, 9, 104);
insert into workers (worker_id, first_name, last_name, salary, hire_date, employment_type, manager_id, shop_id, orders) values (59, 'Apollo', 'Nowakowski', '$4311.74', '7/26/2020', 'magazynier', 14, 90, 94);
insert into workers (worker_id, first_name, last_name, salary, hire_date, employment_type, manager_id, shop_id, orders) values (60, 'Anna', 'Kowalczyk', '$2511.12', '11/11/2020', 'sprzątaczka', 17, 1, 288);
insert into workers (worker_id, first_name, last_name, salary, hire_date, employment_type, manager_id, shop_id, orders) values (61, 'Adam', 'Pawłowski', '$1811.00', '8/30/2020', 'magazynier', 24, 57, 18);
insert into workers (worker_id, first_name, last_name, salary, hire_date, employment_type, manager_id, shop_id, orders) values (62, 'Amadeusz', 'Kwiatkowski', '$1532.55', '5/1/2021', 'sprzątaczka', 1, 36, 74);
insert into workers (worker_id, first_name, last_name, salary, hire_date, employment_type, manager_id, shop_id, orders) values (63, 'Alicja', 'Krawczyk', '$3057.89', '12/1/2020', 'sprzedawca', 33, 27, 261);
insert into workers (worker_id, first_name, last_name, salary, hire_date, employment_type, manager_id, shop_id, orders) values (64, 'Angelina', 'Kowalczyk', '$5980.49', '8/1/2020', 'magazynier', 21, 71, 39);
insert into workers (worker_id, first_name, last_name, salary, hire_date, employment_type, manager_id, shop_id, orders) values (65, 'Alina', 'Nowakowski', '$3063.51', '3/3/2021', 'sprzedawca', 2, 57, 54);
insert into workers (worker_id, first_name, last_name, salary, hire_date, employment_type, manager_id, shop_id, orders) values (66, 'Aleksander', 'Jankowski', '$4077.33', '7/25/2020', 'sprzątaczka', 16, 84, 87);
insert into workers (worker_id, first_name, last_name, salary, hire_date, employment_type, manager_id, shop_id, orders) values (67, 'Antoni', 'Pawłowski', '$6150.70', '8/5/2020', 'sekretarka', 34, 99, 182);
insert into workers (worker_id, first_name, last_name, salary, hire_date, employment_type, manager_id, shop_id, orders) values (68, 'Ada', 'Dudek', '$6489.38', '12/25/2020', 'sprzedawca', 13, 6, 246);
insert into workers (worker_id, first_name, last_name, salary, hire_date, employment_type, manager_id, shop_id, orders) values (69, 'Aniela', 'Dudek', '$7417.07', '8/31/2020', 'dozorca', 6, 61, 53);
insert into workers (worker_id, first_name, last_name, salary, hire_date, employment_type, manager_id, shop_id, orders) values (70, 'Albert', 'Wójcik', '$4376.73', '9/19/2020', 'sekretarka', 29, 76, 247);
insert into workers (worker_id, first_name, last_name, salary, hire_date, employment_type, manager_id, shop_id, orders) values (71, 'Adelajda', 'Wojciechowski', '$1175.87', '1/6/2021', 'księgowy', 11, 46, 105);
insert into workers (worker_id, first_name, last_name, salary, hire_date, employment_type, manager_id, shop_id, orders) values (72, 'Arleta', 'Kaczmarek', '$4016.46', '8/12/2020', 'magazynier', 22, 33, 188);
insert into workers (worker_id, first_name, last_name, salary, hire_date, employment_type, manager_id, shop_id, orders) values (73, 'Albert', 'Michalski', '$4733.12', '4/18/2021', 'sprzedawca', 13, 84, 81);
insert into workers (worker_id, first_name, last_name, salary, hire_date, employment_type, manager_id, shop_id, orders) values (74, 'Alfred', 'Michalski', '$7006.91', '6/1/2020', 'magazynier', 36, 50, 163);
insert into workers (worker_id, first_name, last_name, salary, hire_date, employment_type, manager_id, shop_id, orders) values (75, 'Antoni', 'Kamiński', '$4135.05', '8/11/2020', 'księgowy', 3, 5, 23);
insert into workers (worker_id, first_name, last_name, salary, hire_date, employment_type, manager_id, shop_id, orders) values (76, 'Ada', 'Kowalczyk', '$2288.35', '7/11/2020', 'sprzedawca', 17, 54, 294);
insert into workers (worker_id, first_name, last_name, salary, hire_date, employment_type, manager_id, shop_id, orders) values (77, 'Anzelm', 'Nowak', '$6171.82', '5/13/2021', 'sprzedawca', 33, 42, 199);
insert into workers (worker_id, first_name, last_name, salary, hire_date, employment_type, manager_id, shop_id, orders) values (78, 'Alberta', 'Kwiatkowski', '$6247.38', '6/15/2020', 'sprzedawca', 6, 56, 64);
insert into workers (worker_id, first_name, last_name, salary, hire_date, employment_type, manager_id, shop_id, orders) values (79, 'Antonina', 'Woźniak', '$9890.61', '2/22/2021', 'dozorca', 35, 83, 18);
insert into workers (worker_id, first_name, last_name, salary, hire_date, employment_type, manager_id, shop_id, orders) values (80, 'Ariadna', 'Lewandowski', '$5633.79', '8/6/2020', 'magazynier', 33, 65, 182);
insert into workers (worker_id, first_name, last_name, salary, hire_date, employment_type, manager_id, shop_id, orders) values (81, 'Amadeusz', 'Szymański', '$3532.20', '4/10/2021', 'sekretarka', 21, 10, 56);
insert into workers (worker_id, first_name, last_name, salary, hire_date, employment_type, manager_id, shop_id, orders) values (82, 'Anatol', 'Szymański', '$8358.63', '12/11/2020', 'magazynier', 32, 31, 90);
insert into workers (worker_id, first_name, last_name, salary, hire_date, employment_type, manager_id, shop_id, orders) values (83, 'Aleksandra', 'Wójcik', '$2603.12', '1/23/2021', 'sprzedawca', 36, 66, 205);
insert into workers (worker_id, first_name, last_name, salary, hire_date, employment_type, manager_id, shop_id, orders) values (84, 'Ariadna', 'Dąbrowski', '$7787.14', '11/29/2020', 'magazynier', 17, 79, 36);
insert into workers (worker_id, first_name, last_name, salary, hire_date, employment_type, manager_id, shop_id, orders) values (85, 'Aneta', 'Szymański', '$1524.30', '4/30/2021', 'sprzedawca', 4, 69, 260);
insert into workers (worker_id, first_name, last_name, salary, hire_date, employment_type, manager_id, shop_id, orders) values (86, 'Amelia', 'Nowicki', '$2110.58', '7/20/2020', 'sekretarka', 29, 98, 173);
insert into workers (worker_id, first_name, last_name, salary, hire_date, employment_type, manager_id, shop_id, orders) values (87, 'Aga', 'Kowalski', '$9337.44', '1/3/2021', 'księgowy', 18, 19, 96);
insert into workers (worker_id, first_name, last_name, salary, hire_date, employment_type, manager_id, shop_id, orders) values (88, 'Anastazy', 'Mazur', '$8375.50', '3/1/2021', 'dozorca', 11, 94, 81);
insert into workers (worker_id, first_name, last_name, salary, hire_date, employment_type, manager_id, shop_id, orders) values (89, 'Angelina', 'Nowakowski', '$4796.26', '12/27/2020', 'sprzedawca', 30, 64, 144);
insert into workers (worker_id, first_name, last_name, salary, hire_date, employment_type, manager_id, shop_id, orders) values (90, 'Apollo', 'Mazur', '$9576.40', '12/21/2020', 'magazynier', 23, 40, 191);
insert into workers (worker_id, first_name, last_name, salary, hire_date, employment_type, manager_id, shop_id, orders) values (91, 'Arleta', 'Wojciechowski', '$1122.31', '7/23/2020', 'sprzątaczka', 3, 56, 103);
insert into workers (worker_id, first_name, last_name, salary, hire_date, employment_type, manager_id, shop_id, orders) values (92, 'Ariadna', 'Krawczyk', '$5143.18', '1/27/2021', 'księgowy', 27, 63, 18);
insert into workers (worker_id, first_name, last_name, salary, hire_date, employment_type, manager_id, shop_id, orders) values (93, 'Arlena', 'Dudek', '$4667.81', '2/2/2021', 'magazynier', 32, 53, 197);
insert into workers (worker_id, first_name, last_name, salary, hire_date, employment_type, manager_id, shop_id, orders) values (94, 'Arleta', 'Nowicki', '$8556.18', '10/15/2020', 'sprzątaczka', 9, 88, 114);
insert into workers (worker_id, first_name, last_name, salary, hire_date, employment_type, manager_id, shop_id, orders) values (95, 'Aleksandra', 'Zając', '$2887.17', '6/16/2020', 'dozorca', 13, 70, 297);
insert into workers (worker_id, first_name, last_name, salary, hire_date, employment_type, manager_id, shop_id, orders) values (96, 'Adrian', 'Pawłowski', '$3901.58', '11/27/2020', 'sprzedawca', 19, 38, 265);
insert into workers (worker_id, first_name, last_name, salary, hire_date, employment_type, manager_id, shop_id, orders) values (97, 'Anastazy', 'Dąbrowski', '$2372.19', '1/30/2021', 'sprzedawca', 18, 80, 255);
insert into workers (worker_id, first_name, last_name, salary, hire_date, employment_type, manager_id, shop_id, orders) values (98, 'Apollo', 'Jankowski', '$2130.17', '3/26/2021', 'sprzątaczka', 36, 33, 242);
insert into workers (worker_id, first_name, last_name, salary, hire_date, employment_type, manager_id, shop_id, orders) values (99, 'Arnold', 'Wójcik', '$4758.47', '11/4/2020', 'księgowy', 22, 46, 168);
insert into workers (worker_id, first_name, last_name, salary, hire_date, employment_type, manager_id, shop_id, orders) values (100, 'Ambroży', 'Nowakowski', '$1416.69', '1/29/2021', 'sprzątaczka', 31, 42, 135);
insert into workers (worker_id, first_name, last_name, salary, hire_date, employment_type, manager_id, shop_id, orders) values (101, 'Aleksander', 'Michalski', '$2098.18', '7/7/2020', 'sprzedawca', 29, 17, 4);
insert into workers (worker_id, first_name, last_name, salary, hire_date, employment_type, manager_id, shop_id, orders) values (102, 'Aniela', 'Kamiński', '$6067.87', '10/23/2020', 'księgowy', 38, 92, 93);
insert into workers (worker_id, first_name, last_name, salary, hire_date, employment_type, manager_id, shop_id, orders) values (103, 'Apoloniusz', 'Kowalczyk', '$9340.38', '11/11/2020', 'magazynier', 7, 41, 223);
insert into workers (worker_id, first_name, last_name, salary, hire_date, employment_type, manager_id, shop_id, orders) values (104, 'Antoni', 'Nowak', '$1185.13', '4/8/2021', 'księgowy', 35, 89, 175);
insert into workers (worker_id, first_name, last_name, salary, hire_date, employment_type, manager_id, shop_id, orders) values (105, 'Arkadiusz', 'Krawczyk', '$6231.28', '7/19/2020', 'księgowy', 30, 23, 169);
insert into workers (worker_id, first_name, last_name, salary, hire_date, employment_type, manager_id, shop_id, orders) values (106, 'Adela', 'Dudek', '$4962.41', '1/6/2021', 'sprzątaczka', 13, 84, 117);
insert into workers (worker_id, first_name, last_name, salary, hire_date, employment_type, manager_id, shop_id, orders) values (107, 'Apolinary', 'Kozłowski', '$1751.73', '12/30/2020', 'sprzedawca', 38, 71, 59);
insert into workers (worker_id, first_name, last_name, salary, hire_date, employment_type, manager_id, shop_id, orders) values (108, 'Alfred', 'Mazur', '$1646.72', '8/3/2020', 'magazynier', 25, 48, 199);
insert into workers (worker_id, first_name, last_name, salary, hire_date, employment_type, manager_id, shop_id, orders) values (109, 'Anastazy', 'Dudek', '$9222.81', '9/17/2020', 'magazynier', 14, 11, 22);
insert into workers (worker_id, first_name, last_name, salary, hire_date, employment_type, manager_id, shop_id, orders) values (110, 'Anita', 'Nowicki', '$1307.37', '11/6/2020', 'sprzątaczka', 3, 62, 74);
insert into workers (worker_id, first_name, last_name, salary, hire_date, employment_type, manager_id, shop_id, orders) values (111, 'Ariadna', 'Michalski', '$7648.78', '8/26/2020', 'magazynier', 36, 20, 96);
insert into workers (worker_id, first_name, last_name, salary, hire_date, employment_type, manager_id, shop_id, orders) values (112, 'Anastazy', 'Jankowski', '$7527.57', '7/22/2020', 'dozorca', 16, 55, 122);
insert into workers (worker_id, first_name, last_name, salary, hire_date, employment_type, manager_id, shop_id, orders) values (113, 'Apolinary', 'Kamiński', '$3296.83', '1/26/2021', 'sprzedawca', 11, 62, 196);
insert into workers (worker_id, first_name, last_name, salary, hire_date, employment_type, manager_id, shop_id, orders) values (114, 'Alina', 'Piotrowski', '$3918.74', '8/11/2020', 'dozorca', 35, 42, 87);
insert into workers (worker_id, first_name, last_name, salary, hire_date, employment_type, manager_id, shop_id, orders) values (115, 'Apolonia', 'Kowalczyk', '$6183.74', '8/10/2020', 'magazynier', 36, 15, 167);
insert into workers (worker_id, first_name, last_name, salary, hire_date, employment_type, manager_id, shop_id, orders) values (116, 'Angelika', 'Szymański', '$8061.51', '5/16/2021', 'dozorca', 30, 93, 215);
insert into workers (worker_id, first_name, last_name, salary, hire_date, employment_type, manager_id, shop_id, orders) values (117, 'Angelika', 'Kowalski', '$3715.23', '7/28/2020', 'magazynier', 31, 56, 15);
insert into workers (worker_id, first_name, last_name, salary, hire_date, employment_type, manager_id, shop_id, orders) values (118, 'Aldona', 'Nowicki', '$2002.92', '4/6/2021', 'magazynier', 37, 81, 204);
insert into workers (worker_id, first_name, last_name, salary, hire_date, employment_type, manager_id, shop_id, orders) values (119, 'Antonina', 'Kwiatkowski', '$7024.62', '2/18/2021', 'magazynier', 20, 41, 21);
insert into workers (worker_id, first_name, last_name, salary, hire_date, employment_type, manager_id, shop_id, orders) values (120, 'Anzelm', 'Kowalski', '$1650.12', '3/16/2021', 'dozorca', 8, 40, 167);
insert into workers (worker_id, first_name, last_name, salary, hire_date, employment_type, manager_id, shop_id, orders) values (121, 'Adelajda', 'Jankowski', '$6594.95', '12/23/2020', 'księgowy', 24, 69, 281);
insert into workers (worker_id, first_name, last_name, salary, hire_date, employment_type, manager_id, shop_id, orders) values (122, 'Anna', 'Kamiński', '$4108.18', '4/20/2021', 'magazynier', 15, 72, 100);
insert into workers (worker_id, first_name, last_name, salary, hire_date, employment_type, manager_id, shop_id, orders) values (123, 'Arnolf', 'Pawłowski', '$2542.29', '3/18/2021', 'sprzedawca', 29, 76, 61);
insert into workers (worker_id, first_name, last_name, salary, hire_date, employment_type, manager_id, shop_id, orders) values (124, 'Alicja', 'Pawłowski', '$9368.68', '1/8/2021', 'magazynier', 10, 41, 96);
insert into workers (worker_id, first_name, last_name, salary, hire_date, employment_type, manager_id, shop_id, orders) values (125, 'Adam', 'Woźniak', '$3010.75', '5/24/2020', 'sekretarka', 24, 91, 76);
insert into workers (worker_id, first_name, last_name, salary, hire_date, employment_type, manager_id, shop_id, orders) values (126, 'Adela', 'Adamczyk', '$7738.26', '7/22/2020', 'księgowy', 40, 11, 48);
insert into workers (worker_id, first_name, last_name, salary, hire_date, employment_type, manager_id, shop_id, orders) values (127, 'Anatol', 'Mazur', '$3504.75', '7/17/2020', 'sprzedawca', 18, 40, 274);
insert into workers (worker_id, first_name, last_name, salary, hire_date, employment_type, manager_id, shop_id, orders) values (128, 'Aleksandra', 'Pawłowski', '$1510.52', '8/9/2020', 'sprzątaczka', 16, 77, 191);
insert into workers (worker_id, first_name, last_name, salary, hire_date, employment_type, manager_id, shop_id, orders) values (129, 'Andrzej', 'Dąbrowski', '$2720.90', '8/26/2020', 'księgowy', 20, 65, 168);
insert into workers (worker_id, first_name, last_name, salary, hire_date, employment_type, manager_id, shop_id, orders) values (130, 'Albert', 'Wójcik', '$3023.20', '3/4/2021', 'księgowy', 22, 72, 15);
insert into workers (worker_id, first_name, last_name, salary, hire_date, employment_type, manager_id, shop_id, orders) values (131, 'Aleksander', 'Michalski', '$4477.01', '3/7/2021', 'sprzątaczka', 40, 97, 273);
insert into workers (worker_id, first_name, last_name, salary, hire_date, employment_type, manager_id, shop_id, orders) values (132, 'Apoloniusz', 'Zieliński', '$9301.31', '12/7/2020', 'sekretarka', 2, 100, 279);
insert into workers (worker_id, first_name, last_name, salary, hire_date, employment_type, manager_id, shop_id, orders) values (133, 'Alina', 'Nowakowski', '$5656.11', '3/22/2021', 'sprzedawca', 1, 38, 57);
insert into workers (worker_id, first_name, last_name, salary, hire_date, employment_type, manager_id, shop_id, orders) values (134, 'Aga', 'Woźniak', '$6286.73', '4/20/2021', 'sprzedawca', 32, 64, 274);
insert into workers (worker_id, first_name, last_name, salary, hire_date, employment_type, manager_id, shop_id, orders) values (135, 'Angelina', 'Dąbrowski', '$1077.08', '5/2/2021', 'sprzątaczka', 6, 43, 49);
insert into workers (worker_id, first_name, last_name, salary, hire_date, employment_type, manager_id, shop_id, orders) values (136, 'Agnieszka', 'Jankowski', '$6789.76', '1/14/2021', 'sekretarka', 17, 33, 10);
insert into workers (worker_id, first_name, last_name, salary, hire_date, employment_type, manager_id, shop_id, orders) values (137, 'Alfred', 'Dudek', '$2356.91', '11/13/2020', 'sekretarka', 16, 66, 125);
insert into workers (worker_id, first_name, last_name, salary, hire_date, employment_type, manager_id, shop_id, orders) values (138, 'Antonina', 'Kaczmarek', '$7861.43', '11/21/2020', 'dozorca', 33, 6, 93);
insert into workers (worker_id, first_name, last_name, salary, hire_date, employment_type, manager_id, shop_id, orders) values (139, 'Adrian', 'Wojciechowski', '$7693.20', '9/18/2020', 'księgowy', 10, 51, 119);
insert into workers (worker_id, first_name, last_name, salary, hire_date, employment_type, manager_id, shop_id, orders) values (140, 'Apollo', 'Lewandowski', '$5148.66', '8/5/2020', 'magazynier', 23, 56, 163);
insert into workers (worker_id, first_name, last_name, salary, hire_date, employment_type, manager_id, shop_id, orders) values (141, 'Amelia', 'Krawczyk', '$9675.91', '3/3/2021', 'sprzątaczka', 31, 46, 82);
insert into workers (worker_id, first_name, last_name, salary, hire_date, employment_type, manager_id, shop_id, orders) values (142, 'Agnieszka', 'Kozłowski', '$3219.59', '2/21/2021', 'magazynier', 29, 34, 28);
insert into workers (worker_id, first_name, last_name, salary, hire_date, employment_type, manager_id, shop_id, orders) values (143, 'Arnold', 'Mazur', '$6467.52', '3/23/2021', 'księgowy', 30, 91, 59);
insert into workers (worker_id, first_name, last_name, salary, hire_date, employment_type, manager_id, shop_id, orders) values (144, 'Amelia', 'Kwiatkowski', '$5034.02', '11/9/2020', 'magazynier', 33, 10, 289);
insert into workers (worker_id, first_name, last_name, salary, hire_date, employment_type, manager_id, shop_id, orders) values (145, 'Albert', 'Wiśniewski', '$1100.58', '10/5/2020', 'sprzątaczka', 5, 45, 157);
insert into workers (worker_id, first_name, last_name, salary, hire_date, employment_type, manager_id, shop_id, orders) values (146, 'Anzelm', 'Wiśniewski', '$2076.91', '2/18/2021', 'księgowy', 5, 16, 139);
insert into workers (worker_id, first_name, last_name, salary, hire_date, employment_type, manager_id, shop_id, orders) values (147, 'Arnold', 'Krawczyk', '$5224.16', '6/27/2020', 'magazynier', 19, 91, 179);
insert into workers (worker_id, first_name, last_name, salary, hire_date, employment_type, manager_id, shop_id, orders) values (148, 'Angelika', 'Wiśniewski', '$4502.04', '6/11/2020', 'dozorca', 10, 63, 130);
insert into workers (worker_id, first_name, last_name, salary, hire_date, employment_type, manager_id, shop_id, orders) values (149, 'Anastazja', 'Kamiński', '$7171.81', '3/17/2021', 'magazynier', 13, 55, 99);
insert into workers (worker_id, first_name, last_name, salary, hire_date, employment_type, manager_id, shop_id, orders) values (150, 'Anita', 'Kowalski', '$2045.28', '5/2/2021', 'sprzątaczka', 34, 43, 154);
insert into workers (worker_id, first_name, last_name, salary, hire_date, employment_type, manager_id, shop_id, orders) values (151, 'Agnieszka', 'Dąbrowski', '$3416.23', '12/24/2020', 'księgowy', 10, 79, 27);
insert into workers (worker_id, first_name, last_name, salary, hire_date, employment_type, manager_id, shop_id, orders) values (152, 'Arkadiusz', 'Piotrowski', '$1719.53', '12/21/2020', 'księgowy', 10, 45, 166);
insert into workers (worker_id, first_name, last_name, salary, hire_date, employment_type, manager_id, shop_id, orders) values (153, 'Aldona', 'Kaczmarek', '$1248.92', '7/3/2020', 'magazynier', 34, 88, 132);
insert into workers (worker_id, first_name, last_name, salary, hire_date, employment_type, manager_id, shop_id, orders) values (154, 'Alberta', 'Dąbrowski', '$9096.50', '5/24/2020', 'księgowy', 1, 3, 110);
insert into workers (worker_id, first_name, last_name, salary, hire_date, employment_type, manager_id, shop_id, orders) values (155, 'Aniela', 'Szymański', '$1017.80', '4/29/2021', 'księgowy', 22, 29, 29);
insert into workers (worker_id, first_name, last_name, salary, hire_date, employment_type, manager_id, shop_id, orders) values (156, 'Albert', 'Michalski', '$4082.02', '12/12/2020', 'sprzedawca', 5, 56, 259);
insert into workers (worker_id, first_name, last_name, salary, hire_date, employment_type, manager_id, shop_id, orders) values (157, 'Aniela', 'Krawczyk', '$7399.14', '11/18/2020', 'księgowy', 24, 85, 40);
insert into workers (worker_id, first_name, last_name, salary, hire_date, employment_type, manager_id, shop_id, orders) values (158, 'Antonina', 'Krawczyk', '$3441.09', '9/30/2020', 'księgowy', 29, 48, 262);
insert into workers (worker_id, first_name, last_name, salary, hire_date, employment_type, manager_id, shop_id, orders) values (159, 'Alina', 'Krawczyk', '$5113.01', '3/21/2021', 'sekretarka', 36, 78, 42);
insert into workers (worker_id, first_name, last_name, salary, hire_date, employment_type, manager_id, shop_id, orders) values (160, 'Amadeusz', 'Nowicki', '$7635.43', '6/14/2020', 'dozorca', 7, 33, 100);
insert into workers (worker_id, first_name, last_name, salary, hire_date, employment_type, manager_id, shop_id, orders) values (161, 'Amadeusz', 'Adamczyk', '$8787.20', '12/11/2020', 'księgowy', 3, 91, 160);
insert into workers (worker_id, first_name, last_name, salary, hire_date, employment_type, manager_id, shop_id, orders) values (162, 'Albert', 'Kwiatkowski', '$4658.55', '3/6/2021', 'sprzątaczka', 1, 94, 57);
insert into workers (worker_id, first_name, last_name, salary, hire_date, employment_type, manager_id, shop_id, orders) values (163, 'Aleksander', 'Piotrowski', '$3136.67', '1/3/2021', 'księgowy', 14, 12, 163);
insert into workers (worker_id, first_name, last_name, salary, hire_date, employment_type, manager_id, shop_id, orders) values (164, 'Adam', 'Dudek', '$5536.90', '12/21/2020', 'księgowy', 24, 95, 232);
insert into workers (worker_id, first_name, last_name, salary, hire_date, employment_type, manager_id, shop_id, orders) values (165, 'Arleta', 'Zieliński', '$9969.98', '6/21/2020', 'dozorca', 16, 16, 105);
insert into workers (worker_id, first_name, last_name, salary, hire_date, employment_type, manager_id, shop_id, orders) values (166, 'Agata', 'Adamczyk', '$7015.17', '9/2/2020', 'księgowy', 19, 16, 140);
insert into workers (worker_id, first_name, last_name, salary, hire_date, employment_type, manager_id, shop_id, orders) values (167, 'Antonina', 'Dudek', '$6658.49', '7/4/2020', 'magazynier', 4, 57, 230);
insert into workers (worker_id, first_name, last_name, salary, hire_date, employment_type, manager_id, shop_id, orders) values (168, 'Agnieszka', 'Wiśniewski', '$9510.44', '8/12/2020', 'dozorca', 3, 8, 235);
insert into workers (worker_id, first_name, last_name, salary, hire_date, employment_type, manager_id, shop_id, orders) values (169, 'Adelajda', 'Zając', '$8125.17', '1/25/2021', 'sprzątaczka', 6, 26, 162);
insert into workers (worker_id, first_name, last_name, salary, hire_date, employment_type, manager_id, shop_id, orders) values (170, 'Adela', 'Piotrowski', '$9166.84', '1/23/2021', 'magazynier', 35, 44, 170);
insert into workers (worker_id, first_name, last_name, salary, hire_date, employment_type, manager_id, shop_id, orders) values (171, 'Aga', 'Mazur', '$8516.91', '2/15/2021', 'sprzedawca', 6, 41, 110);
insert into workers (worker_id, first_name, last_name, salary, hire_date, employment_type, manager_id, shop_id, orders) values (172, 'Alina', 'Jankowski', '$9229.50', '8/11/2020', 'dozorca', 3, 84, 290);
insert into workers (worker_id, first_name, last_name, salary, hire_date, employment_type, manager_id, shop_id, orders) values (173, 'Apolinary', 'Krawczyk', '$3337.59', '6/16/2020', 'magazynier', 7, 89, 1);
insert into workers (worker_id, first_name, last_name, salary, hire_date, employment_type, manager_id, shop_id, orders) values (174, 'Alfred', 'Nowak', '$7792.31', '5/4/2021', 'sprzedawca', 19, 5, 92);
insert into workers (worker_id, first_name, last_name, salary, hire_date, employment_type, manager_id, shop_id, orders) values (175, 'Anzelm', 'Kowalski', '$8564.11', '1/28/2021', 'sprzątaczka', 22, 70, 165);
insert into workers (worker_id, first_name, last_name, salary, hire_date, employment_type, manager_id, shop_id, orders) values (176, 'Apoloniusz', 'Zając', '$7765.80', '2/7/2021', 'magazynier', 9, 24, 14);
insert into workers (worker_id, first_name, last_name, salary, hire_date, employment_type, manager_id, shop_id, orders) values (177, 'Ada', 'Szymański', '$8082.26', '2/22/2021', 'sprzątaczka', 14, 64, 53);
insert into workers (worker_id, first_name, last_name, salary, hire_date, employment_type, manager_id, shop_id, orders) values (178, 'Arkady', 'Dąbrowski', '$1791.17', '2/12/2021', 'magazynier', 3, 47, 264);
insert into workers (worker_id, first_name, last_name, salary, hire_date, employment_type, manager_id, shop_id, orders) values (179, 'Ariadna', 'Kowalczyk', '$5885.93', '10/25/2020', 'sekretarka', 6, 51, 165);
insert into workers (worker_id, first_name, last_name, salary, hire_date, employment_type, manager_id, shop_id, orders) values (180, 'Aleksander', 'Nowakowski', '$3258.44', '12/15/2020', 'dozorca', 1, 65, 224);
insert into workers (worker_id, first_name, last_name, salary, hire_date, employment_type, manager_id, shop_id, orders) values (181, 'Aldona', 'Szymański', '$6152.54', '10/3/2020', 'księgowy', 14, 66, 96);
insert into workers (worker_id, first_name, last_name, salary, hire_date, employment_type, manager_id, shop_id, orders) values (182, 'Albert', 'Kaczmarek', '$8052.62', '7/29/2020', 'księgowy', 16, 3, 137);
insert into workers (worker_id, first_name, last_name, salary, hire_date, employment_type, manager_id, shop_id, orders) values (183, 'Aneta', 'Wojciechowski', '$5137.27', '6/13/2020', 'dozorca', 4, 48, 56);
insert into workers (worker_id, first_name, last_name, salary, hire_date, employment_type, manager_id, shop_id, orders) values (184, 'Ariadna', 'Kowalczyk', '$9053.24', '11/13/2020', 'sprzedawca', 33, 100, 210);
insert into workers (worker_id, first_name, last_name, salary, hire_date, employment_type, manager_id, shop_id, orders) values (185, 'Anna', 'Woźniak', '$1625.49', '11/15/2020', 'księgowy', 15, 20, 117);
insert into workers (worker_id, first_name, last_name, salary, hire_date, employment_type, manager_id, shop_id, orders) values (186, 'Aneta', 'Kowalski', '$6113.83', '7/30/2020', 'sprzedawca', 5, 7, 272);
insert into workers (worker_id, first_name, last_name, salary, hire_date, employment_type, manager_id, shop_id, orders) values (187, 'Adalbert', 'Adamczyk', '$5323.65', '8/1/2020', 'sprzątaczka', 11, 1, 32);
insert into workers (worker_id, first_name, last_name, salary, hire_date, employment_type, manager_id, shop_id, orders) values (188, 'Angelina', 'Wiśniewski', '$9332.65', '6/8/2020', 'dozorca', 10, 55, 22);
insert into workers (worker_id, first_name, last_name, salary, hire_date, employment_type, manager_id, shop_id, orders) values (189, 'Arleta', 'Adamczyk', '$2615.77', '1/8/2021', 'sprzedawca', 7, 15, 170);
insert into workers (worker_id, first_name, last_name, salary, hire_date, employment_type, manager_id, shop_id, orders) values (190, 'Alicja', 'Lewandowski', '$4361.99', '9/10/2020', 'księgowy', 7, 92, 254);
insert into workers (worker_id, first_name, last_name, salary, hire_date, employment_type, manager_id, shop_id, orders) values (191, 'Anastazja', 'Wojciechowski', '$5388.56', '12/7/2020', 'magazynier', 12, 6, 16);
insert into workers (worker_id, first_name, last_name, salary, hire_date, employment_type, manager_id, shop_id, orders) values (192, 'Arkady', 'Nowicki', '$4524.70', '3/17/2021', 'sprzedawca', 13, 56, 90);
insert into workers (worker_id, first_name, last_name, salary, hire_date, employment_type, manager_id, shop_id, orders) values (193, 'Aldona', 'Kaczmarek', '$8410.97', '2/16/2021', 'sekretarka', 8, 44, 146);
insert into workers (worker_id, first_name, last_name, salary, hire_date, employment_type, manager_id, shop_id, orders) values (194, 'Arkady', 'Kaczmarek', '$5202.08', '6/25/2020', 'sekretarka', 2, 2, 5);
insert into workers (worker_id, first_name, last_name, salary, hire_date, employment_type, manager_id, shop_id, orders) values (195, 'Anna', 'Kozłowski', '$5721.56', '5/3/2021', 'sprzątaczka', 21, 71, 100);
insert into workers (worker_id, first_name, last_name, salary, hire_date, employment_type, manager_id, shop_id, orders) values (196, 'Arleta', 'Kowalczyk', '$4068.90', '11/13/2020', 'sprzedawca', 16, 75, 43);
insert into workers (worker_id, first_name, last_name, salary, hire_date, employment_type, manager_id, shop_id, orders) values (197, 'Adrian', 'Kozłowski', '$8624.67', '11/8/2020', 'magazynier', 23, 58, 33);
insert into workers (worker_id, first_name, last_name, salary, hire_date, employment_type, manager_id, shop_id, orders) values (198, 'Alberta', 'Kaczmarek', '$2855.59', '8/9/2020', 'dozorca', 18, 50, 179);
insert into workers (worker_id, first_name, last_name, salary, hire_date, employment_type, manager_id, shop_id, orders) values (199, 'Arnold', 'Wójcik', '$4612.08', '10/5/2020', 'księgowy', 13, 8, 17);
insert into workers (worker_id, first_name, last_name, salary, hire_date, employment_type, manager_id, shop_id, orders) values (200, 'Arleta', 'Nowakowski', '$7658.47', '7/5/2020', 'sprzedawca', 36, 2, 20);
insert into workers (worker_id, first_name, last_name, salary, hire_date, employment_type, manager_id, shop_id, orders) values (201, 'Arkadiusz', 'Nowak', '$8979.76', '12/18/2020', 'księgowy', 5, 71, 33);
insert into workers (worker_id, first_name, last_name, salary, hire_date, employment_type, manager_id, shop_id, orders) values (202, 'Alicja', 'Jankowski', '$6638.57', '6/14/2020', 'sprzedawca', 22, 23, 273);
insert into workers (worker_id, first_name, last_name, salary, hire_date, employment_type, manager_id, shop_id, orders) values (203, 'Aldona', 'Lewandowski', '$9094.72', '4/10/2021', 'sekretarka', 30, 66, 151);
insert into workers (worker_id, first_name, last_name, salary, hire_date, employment_type, manager_id, shop_id, orders) values (204, 'Angelina', 'Piotrowski', '$8692.32', '10/26/2020', 'księgowy', 20, 69, 20);
insert into workers (worker_id, first_name, last_name, salary, hire_date, employment_type, manager_id, shop_id, orders) values (205, 'Amadeusz', 'Wieczorek', '$6722.55', '8/27/2020', 'magazynier', 19, 50, 70);
insert into workers (worker_id, first_name, last_name, salary, hire_date, employment_type, manager_id, shop_id, orders) values (206, 'Agata', 'Krawczyk', '$4604.70', '2/8/2021', 'sprzedawca', 9, 70, 1);
insert into workers (worker_id, first_name, last_name, salary, hire_date, employment_type, manager_id, shop_id, orders) values (207, 'Anatol', 'Wojciechowski', '$3275.54', '11/19/2020', 'sprzątaczka', 28, 70, 16);
insert into workers (worker_id, first_name, last_name, salary, hire_date, employment_type, manager_id, shop_id, orders) values (208, 'Ambroży', 'Szymański', '$9028.57', '2/28/2021', 'magazynier', 25, 8, 29);
insert into workers (worker_id, first_name, last_name, salary, hire_date, employment_type, manager_id, shop_id, orders) values (209, 'Amelia', 'Wiśniewski', '$3449.33', '5/19/2021', 'sprzedawca', 26, 62, 87);
insert into workers (worker_id, first_name, last_name, salary, hire_date, employment_type, manager_id, shop_id, orders) values (210, 'Aldona', 'Wojciechowski', '$2962.12', '11/19/2020', 'sekretarka', 10, 99, 159);
insert into workers (worker_id, first_name, last_name, salary, hire_date, employment_type, manager_id, shop_id, orders) values (211, 'Adam', 'Kowalski', '$2363.74', '7/16/2020', 'sprzątaczka', 18, 56, 223);
insert into workers (worker_id, first_name, last_name, salary, hire_date, employment_type, manager_id, shop_id, orders) values (212, 'Alina', 'Wójcik', '$9475.56', '3/10/2021', 'dozorca', 36, 46, 292);
insert into workers (worker_id, first_name, last_name, salary, hire_date, employment_type, manager_id, shop_id, orders) values (213, 'Adelajda', 'Jankowski', '$5449.66', '8/22/2020', 'księgowy', 15, 46, 219);
insert into workers (worker_id, first_name, last_name, salary, hire_date, employment_type, manager_id, shop_id, orders) values (214, 'Ariadna', 'Mazur', '$2996.91', '4/25/2021', 'magazynier', 8, 97, 225);
insert into workers (worker_id, first_name, last_name, salary, hire_date, employment_type, manager_id, shop_id, orders) values (215, 'Arlena', 'Dąbrowski', '$7697.41', '5/6/2021', 'dozorca', 28, 66, 96);
insert into workers (worker_id, first_name, last_name, salary, hire_date, employment_type, manager_id, shop_id, orders) values (216, 'Ada', 'Wiśniewski', '$4038.82', '9/6/2020', 'księgowy', 1, 73, 165);
insert into workers (worker_id, first_name, last_name, salary, hire_date, employment_type, manager_id, shop_id, orders) values (217, 'Aleksander', 'Adamczyk', '$6706.97', '7/29/2020', 'sprzedawca', 3, 4, 149);
insert into workers (worker_id, first_name, last_name, salary, hire_date, employment_type, manager_id, shop_id, orders) values (218, 'Angelina', 'Kowalczyk', '$6707.62', '4/15/2021', 'sprzątaczka', 26, 47, 285);
insert into workers (worker_id, first_name, last_name, salary, hire_date, employment_type, manager_id, shop_id, orders) values (219, 'Alfred', 'Kaczmarek', '$9629.97', '2/23/2021', 'sprzedawca', 10, 52, 110);
insert into workers (worker_id, first_name, last_name, salary, hire_date, employment_type, manager_id, shop_id, orders) values (220, 'Alicja', 'Kamiński', '$8452.31', '3/27/2021', 'sekretarka', 27, 100, 288);
insert into workers (worker_id, first_name, last_name, salary, hire_date, employment_type, manager_id, shop_id, orders) values (221, 'Arkady', 'Zając', '$6161.44', '3/1/2021', 'sekretarka', 14, 13, 96);
insert into workers (worker_id, first_name, last_name, salary, hire_date, employment_type, manager_id, shop_id, orders) values (222, 'Agnieszka', 'Adamczyk', '$7617.01', '2/25/2021', 'sprzedawca', 8, 4, 233);
insert into workers (worker_id, first_name, last_name, salary, hire_date, employment_type, manager_id, shop_id, orders) values (223, 'Aneta', 'Kowalski', '$3048.06', '10/23/2020', 'księgowy', 6, 84, 297);
insert into workers (worker_id, first_name, last_name, salary, hire_date, employment_type, manager_id, shop_id, orders) values (224, 'Amelia', 'Kaczmarek', '$7650.39', '7/28/2020', 'sprzątaczka', 33, 15, 18);
insert into workers (worker_id, first_name, last_name, salary, hire_date, employment_type, manager_id, shop_id, orders) values (225, 'Apolinary', 'Krawczyk', '$5775.26', '1/10/2021', 'księgowy', 19, 86, 248);
insert into workers (worker_id, first_name, last_name, salary, hire_date, employment_type, manager_id, shop_id, orders) values (226, 'Amadeusz', 'Piotrowski', '$6697.22', '10/8/2020', 'sprzedawca', 22, 62, 148);
insert into workers (worker_id, first_name, last_name, salary, hire_date, employment_type, manager_id, shop_id, orders) values (227, 'Adrian', 'Piotrowski', '$4918.40', '1/17/2021', 'sprzątaczka', 16, 50, 189);
insert into workers (worker_id, first_name, last_name, salary, hire_date, employment_type, manager_id, shop_id, orders) values (228, 'Aldona', 'Krawczyk', '$6588.38', '3/31/2021', 'księgowy', 7, 91, 27);
insert into workers (worker_id, first_name, last_name, salary, hire_date, employment_type, manager_id, shop_id, orders) values (229, 'Arnolf', 'Krawczyk', '$5888.69', '9/22/2020', 'sprzedawca', 35, 21, 50);
insert into workers (worker_id, first_name, last_name, salary, hire_date, employment_type, manager_id, shop_id, orders) values (230, 'Apoloniusz', 'Wiśniewski', '$8690.22', '6/15/2020', 'sprzedawca', 15, 95, 158);
insert into workers (worker_id, first_name, last_name, salary, hire_date, employment_type, manager_id, shop_id, orders) values (231, 'Arletta', 'Wiśniewski', '$1830.61', '4/7/2021', 'dozorca', 37, 1, 223);
insert into workers (worker_id, first_name, last_name, salary, hire_date, employment_type, manager_id, shop_id, orders) values (232, 'Anastazja', 'Kwiatkowski', '$3921.11', '11/25/2020', 'dozorca', 12, 79, 174);
insert into workers (worker_id, first_name, last_name, salary, hire_date, employment_type, manager_id, shop_id, orders) values (233, 'Aldona', 'Piotrowski', '$5447.92', '3/9/2021', 'księgowy', 8, 88, 74);
insert into workers (worker_id, first_name, last_name, salary, hire_date, employment_type, manager_id, shop_id, orders) values (234, 'Adela', 'Mazur', '$1687.30', '8/22/2020', 'sekretarka', 6, 66, 184);
insert into workers (worker_id, first_name, last_name, salary, hire_date, employment_type, manager_id, shop_id, orders) values (235, 'Albert', 'Adamczyk', '$6690.63', '1/29/2021', 'księgowy', 2, 4, 272);
insert into workers (worker_id, first_name, last_name, salary, hire_date, employment_type, manager_id, shop_id, orders) values (236, 'Agata', 'Kowalski', '$7816.47', '2/13/2021', 'magazynier', 12, 43, 298);
insert into workers (worker_id, first_name, last_name, salary, hire_date, employment_type, manager_id, shop_id, orders) values (237, 'Antonina', 'Jankowski', '$4576.72', '5/26/2020', 'księgowy', 6, 63, 135);
insert into workers (worker_id, first_name, last_name, salary, hire_date, employment_type, manager_id, shop_id, orders) values (238, 'Adalbert', 'Wiśniewski', '$9548.39', '12/6/2020', 'magazynier', 29, 26, 208);
insert into workers (worker_id, first_name, last_name, salary, hire_date, employment_type, manager_id, shop_id, orders) values (239, 'Amelia', 'Michalski', '$3657.59', '9/20/2020', 'księgowy', 25, 22, 78);
insert into workers (worker_id, first_name, last_name, salary, hire_date, employment_type, manager_id, shop_id, orders) values (240, 'Alberta', 'Kozłowski', '$2178.68', '2/12/2021', 'sprzedawca', 32, 54, 15);
insert into workers (worker_id, first_name, last_name, salary, hire_date, employment_type, manager_id, shop_id, orders) values (241, 'Arletta', 'Zieliński', '$1624.72', '9/13/2020', 'sprzątaczka', 28, 98, 115);
insert into workers (worker_id, first_name, last_name, salary, hire_date, employment_type, manager_id, shop_id, orders) values (242, 'Anzelm', 'Nowak', '$2482.94', '11/11/2020', 'sprzątaczka', 8, 43, 11);
insert into workers (worker_id, first_name, last_name, salary, hire_date, employment_type, manager_id, shop_id, orders) values (243, 'Adam', 'Zieliński', '$2186.20', '8/5/2020', 'magazynier', 1, 2, 105);
insert into workers (worker_id, first_name, last_name, salary, hire_date, employment_type, manager_id, shop_id, orders) values (244, 'Anzelm', 'Michalski', '$2913.10', '12/10/2020', 'księgowy', 27, 75, 287);
insert into workers (worker_id, first_name, last_name, salary, hire_date, employment_type, manager_id, shop_id, orders) values (245, 'Aga', 'Krawczyk', '$5398.88', '12/21/2020', 'sprzedawca', 33, 58, 33);
insert into workers (worker_id, first_name, last_name, salary, hire_date, employment_type, manager_id, shop_id, orders) values (246, 'Andrzej', 'Kamiński', '$9621.24', '11/2/2020', 'sprzątaczka', 39, 27, 65);
insert into workers (worker_id, first_name, last_name, salary, hire_date, employment_type, manager_id, shop_id, orders) values (247, 'Aldona', 'Pawłowski', '$7995.36', '4/29/2021', 'sekretarka', 33, 100, 2);
insert into workers (worker_id, first_name, last_name, salary, hire_date, employment_type, manager_id, shop_id, orders) values (248, 'Aldona', 'Nowak', '$9485.01', '12/1/2020', 'księgowy', 9, 1, 157);
insert into workers (worker_id, first_name, last_name, salary, hire_date, employment_type, manager_id, shop_id, orders) values (249, 'Apollo', 'Adamczyk', '$1867.16', '4/2/2021', 'sekretarka', 18, 41, 267);
insert into workers (worker_id, first_name, last_name, salary, hire_date, employment_type, manager_id, shop_id, orders) values (250, 'Amadeusz', 'Kaczmarek', '$7874.86', '3/23/2021', 'księgowy', 40, 24, 208);
insert into workers (worker_id, first_name, last_name, salary, hire_date, employment_type, manager_id, shop_id, orders) values (251, 'Amelia', 'Kowalski', '$9536.80', '5/4/2021', 'sprzedawca', 29, 27, 245);
insert into workers (worker_id, first_name, last_name, salary, hire_date, employment_type, manager_id, shop_id, orders) values (252, 'Agata', 'Mazur', '$5151.67', '10/16/2020', 'sprzątaczka', 11, 81, 248);
insert into workers (worker_id, first_name, last_name, salary, hire_date, employment_type, manager_id, shop_id, orders) values (253, 'Anita', 'Kwiatkowski', '$1285.90', '9/4/2020', 'sekretarka', 22, 80, 300);
insert into workers (worker_id, first_name, last_name, salary, hire_date, employment_type, manager_id, shop_id, orders) values (254, 'Antonina', 'Michalski', '$2765.74', '11/30/2020', 'sprzątaczka', 12, 73, 234);
insert into workers (worker_id, first_name, last_name, salary, hire_date, employment_type, manager_id, shop_id, orders) values (255, 'Ariadna', 'Kowalski', '$5020.36', '6/7/2020', 'dozorca', 30, 52, 114);
insert into workers (worker_id, first_name, last_name, salary, hire_date, employment_type, manager_id, shop_id, orders) values (256, 'Arnold', 'Jankowski', '$9005.78', '2/27/2021', 'sprzedawca', 12, 88, 70);
insert into workers (worker_id, first_name, last_name, salary, hire_date, employment_type, manager_id, shop_id, orders) values (257, 'Ariadna', 'Zieliński', '$1583.78', '7/8/2020', 'księgowy', 10, 33, 29);
insert into workers (worker_id, first_name, last_name, salary, hire_date, employment_type, manager_id, shop_id, orders) values (258, 'Arletta', 'Dudek', '$5693.41', '5/12/2021', 'sprzedawca', 4, 89, 272);
insert into workers (worker_id, first_name, last_name, salary, hire_date, employment_type, manager_id, shop_id, orders) values (259, 'Adam', 'Nowak', '$9057.30', '1/12/2021', 'księgowy', 31, 85, 277);
insert into workers (worker_id, first_name, last_name, salary, hire_date, employment_type, manager_id, shop_id, orders) values (260, 'Aniela', 'Nowicki', '$6784.42', '11/30/2020', 'magazynier', 32, 12, 76);
insert into workers (worker_id, first_name, last_name, salary, hire_date, employment_type, manager_id, shop_id, orders) values (261, 'Arnold', 'Michalski', '$8504.01', '5/10/2021', 'sprzątaczka', 6, 85, 253);
insert into workers (worker_id, first_name, last_name, salary, hire_date, employment_type, manager_id, shop_id, orders) values (262, 'Adalbert', 'Wieczorek', '$2911.30', '8/6/2020', 'sprzedawca', 2, 53, 158);
insert into workers (worker_id, first_name, last_name, salary, hire_date, employment_type, manager_id, shop_id, orders) values (263, 'Angelina', 'Wójcik', '$1805.27', '4/27/2021', 'sprzątaczka', 26, 51, 87);
insert into workers (worker_id, first_name, last_name, salary, hire_date, employment_type, manager_id, shop_id, orders) values (264, 'Agata', 'Dąbrowski', '$4440.53', '10/21/2020', 'magazynier', 23, 28, 299);
insert into workers (worker_id, first_name, last_name, salary, hire_date, employment_type, manager_id, shop_id, orders) values (265, 'Alicja', 'Mazur', '$3360.08', '7/8/2020', 'sprzedawca', 28, 90, 140);
insert into workers (worker_id, first_name, last_name, salary, hire_date, employment_type, manager_id, shop_id, orders) values (266, 'Alfred', 'Wojciechowski', '$8631.17', '1/3/2021', 'dozorca', 29, 90, 258);
insert into workers (worker_id, first_name, last_name, salary, hire_date, employment_type, manager_id, shop_id, orders) values (267, 'Amadeusz', 'Kwiatkowski', '$5878.35', '12/31/2020', 'sprzątaczka', 33, 96, 196);
insert into workers (worker_id, first_name, last_name, salary, hire_date, employment_type, manager_id, shop_id, orders) values (268, 'Anastazy', 'Dudek', '$7387.11', '4/16/2021', 'sekretarka', 20, 55, 263);
insert into workers (worker_id, first_name, last_name, salary, hire_date, employment_type, manager_id, shop_id, orders) values (269, 'Aldona', 'Mazur', '$7314.54', '7/26/2020', 'magazynier', 8, 65, 75);
insert into workers (worker_id, first_name, last_name, salary, hire_date, employment_type, manager_id, shop_id, orders) values (270, 'Anastazy', 'Grabowski', '$8486.80', '10/15/2020', 'sprzedawca', 3, 71, 201);
insert into workers (worker_id, first_name, last_name, salary, hire_date, employment_type, manager_id, shop_id, orders) values (271, 'Anatol', 'Kowalski', '$6916.54', '5/27/2020', 'dozorca', 15, 50, 281);
insert into workers (worker_id, first_name, last_name, salary, hire_date, employment_type, manager_id, shop_id, orders) values (272, 'Apolinary', 'Zieliński', '$6745.26', '11/6/2020', 'magazynier', 11, 92, 129);
insert into workers (worker_id, first_name, last_name, salary, hire_date, employment_type, manager_id, shop_id, orders) values (273, 'Aneta', 'Nowak', '$4790.57', '2/22/2021', 'dozorca', 35, 98, 105);
insert into workers (worker_id, first_name, last_name, salary, hire_date, employment_type, manager_id, shop_id, orders) values (274, 'Alicja', 'Szymański', '$8360.50', '8/28/2020', 'sekretarka', 22, 58, 179);
insert into workers (worker_id, first_name, last_name, salary, hire_date, employment_type, manager_id, shop_id, orders) values (275, 'Aneta', 'Kaczmarek', '$2045.73', '2/7/2021', 'sprzedawca', 28, 54, 130);
insert into workers (worker_id, first_name, last_name, salary, hire_date, employment_type, manager_id, shop_id, orders) values (276, 'Arletta', 'Dudek', '$1667.59', '3/12/2021', 'dozorca', 31, 8, 50);
insert into workers (worker_id, first_name, last_name, salary, hire_date, employment_type, manager_id, shop_id, orders) values (277, 'Arlena', 'Jankowski', '$2320.15', '11/8/2020', 'sprzedawca', 21, 82, 299);
insert into workers (worker_id, first_name, last_name, salary, hire_date, employment_type, manager_id, shop_id, orders) values (278, 'Apollo', 'Michalski', '$5038.19', '4/10/2021', 'sprzedawca', 21, 14, 20);
insert into workers (worker_id, first_name, last_name, salary, hire_date, employment_type, manager_id, shop_id, orders) values (279, 'Alfred', 'Kwiatkowski', '$6761.83', '7/1/2020', 'magazynier', 1, 75, 208);
insert into workers (worker_id, first_name, last_name, salary, hire_date, employment_type, manager_id, shop_id, orders) values (280, 'Albert', 'Kozłowski', '$9254.55', '7/28/2020', 'dozorca', 11, 1, 255);
insert into workers (worker_id, first_name, last_name, salary, hire_date, employment_type, manager_id, shop_id, orders) values (281, 'Alberta', 'Nowak', '$4990.18', '2/18/2021', 'sprzątaczka', 12, 94, 170);
insert into workers (worker_id, first_name, last_name, salary, hire_date, employment_type, manager_id, shop_id, orders) values (282, 'Anastazja', 'Pawłowski', '$9533.35', '9/22/2020', 'sprzątaczka', 24, 98, 16);
insert into workers (worker_id, first_name, last_name, salary, hire_date, employment_type, manager_id, shop_id, orders) values (283, 'Arletta', 'Zając', '$7291.81', '9/3/2020', 'księgowy', 39, 40, 78);
insert into workers (worker_id, first_name, last_name, salary, hire_date, employment_type, manager_id, shop_id, orders) values (284, 'Anzelm', 'Woźniak', '$7212.50', '1/1/2021', 'księgowy', 34, 65, 108);
insert into workers (worker_id, first_name, last_name, salary, hire_date, employment_type, manager_id, shop_id, orders) values (285, 'Apoloniusz', 'Dudek', '$6323.04', '7/11/2020', 'sprzątaczka', 8, 98, 58);
insert into workers (worker_id, first_name, last_name, salary, hire_date, employment_type, manager_id, shop_id, orders) values (286, 'Ada', 'Wiśniewski', '$5053.86', '5/27/2020', 'księgowy', 3, 10, 14);
insert into workers (worker_id, first_name, last_name, salary, hire_date, employment_type, manager_id, shop_id, orders) values (287, 'Alicja', 'Kowalczyk', '$7456.84', '3/29/2021', 'księgowy', 34, 66, 297);
insert into workers (worker_id, first_name, last_name, salary, hire_date, employment_type, manager_id, shop_id, orders) values (288, 'Apoloniusz', 'Nowak', '$7226.78', '12/20/2020', 'księgowy', 15, 13, 104);
insert into workers (worker_id, first_name, last_name, salary, hire_date, employment_type, manager_id, shop_id, orders) values (289, 'Arlena', 'Kamiński', '$9975.21', '10/9/2020', 'sprzątaczka', 35, 94, 40);
insert into workers (worker_id, first_name, last_name, salary, hire_date, employment_type, manager_id, shop_id, orders) values (290, 'Alicja', 'Kozłowski', '$6140.90', '4/7/2021', 'dozorca', 5, 68, 240);
insert into workers (worker_id, first_name, last_name, salary, hire_date, employment_type, manager_id, shop_id, orders) values (291, 'Anatol', 'Lewandowski', '$6461.71', '4/26/2021', 'dozorca', 3, 64, 20);
insert into workers (worker_id, first_name, last_name, salary, hire_date, employment_type, manager_id, shop_id, orders) values (292, 'Arlena', 'Wójcik', '$2660.37', '6/8/2020', 'księgowy', 17, 83, 153);
insert into workers (worker_id, first_name, last_name, salary, hire_date, employment_type, manager_id, shop_id, orders) values (293, 'Alfred', 'Mazur', '$7936.73', '5/20/2021', 'sekretarka', 32, 55, 199);
insert into workers (worker_id, first_name, last_name, salary, hire_date, employment_type, manager_id, shop_id, orders) values (294, 'Apoloniusz', 'Kowalczyk', '$6412.14', '9/7/2020', 'sprzedawca', 35, 37, 284);
insert into workers (worker_id, first_name, last_name, salary, hire_date, employment_type, manager_id, shop_id, orders) values (295, 'Adrian', 'Dudek', '$4986.65', '9/27/2020', 'sekretarka', 14, 70, 299);
insert into workers (worker_id, first_name, last_name, salary, hire_date, employment_type, manager_id, shop_id, orders) values (296, 'Adelajda', 'Kamiński', '$2580.62', '10/3/2020', 'księgowy', 12, 82, 122);
insert into workers (worker_id, first_name, last_name, salary, hire_date, employment_type, manager_id, shop_id, orders) values (297, 'Arlena', 'Mazur', '$8761.45', '3/27/2021', 'magazynier', 34, 28, 21);
insert into workers (worker_id, first_name, last_name, salary, hire_date, employment_type, manager_id, shop_id, orders) values (298, 'Alina', 'Jankowski', '$7905.35', '9/16/2020', 'dozorca', 4, 83, 33);
insert into workers (worker_id, first_name, last_name, salary, hire_date, employment_type, manager_id, shop_id, orders) values (299, 'Alfred', 'Dudek', '$1289.41', '8/29/2020', 'sprzedawca', 16, 27, 223);
insert into workers (worker_id, first_name, last_name, salary, hire_date, employment_type, manager_id, shop_id, orders) values (300, 'Adrian', 'Wieczorek', '$5067.28', '12/4/2020', 'sprzątaczka', 28, 70, 51);
insert into workers (worker_id, first_name, last_name, salary, hire_date, employment_type, manager_id, shop_id, orders) values (301, 'Apolonia', 'Szymański', '$1715.75', '7/11/2020', 'księgowy', 16, 22, 196);
insert into workers (worker_id, first_name, last_name, salary, hire_date, employment_type, manager_id, shop_id, orders) values (302, 'Albert', 'Kwiatkowski', '$6428.13', '1/25/2021', 'magazynier', 35, 81, 28);
insert into workers (worker_id, first_name, last_name, salary, hire_date, employment_type, manager_id, shop_id, orders) values (303, 'Arletta', 'Piotrowski', '$1401.69', '4/7/2021', 'sprzedawca', 10, 62, 204);
insert into workers (worker_id, first_name, last_name, salary, hire_date, employment_type, manager_id, shop_id, orders) values (304, 'Anita', 'Wiśniewski', '$7680.32', '10/2/2020', 'magazynier', 32, 57, 241);
insert into workers (worker_id, first_name, last_name, salary, hire_date, employment_type, manager_id, shop_id, orders) values (305, 'Ariadna', 'Wiśniewski', '$8173.29', '9/23/2020', 'sprzedawca', 25, 34, 65);
insert into workers (worker_id, first_name, last_name, salary, hire_date, employment_type, manager_id, shop_id, orders) values (306, 'Ariadna', 'Wiśniewski', '$2965.51', '5/10/2021', 'sprzątaczka', 28, 7, 279);
insert into workers (worker_id, first_name, last_name, salary, hire_date, employment_type, manager_id, shop_id, orders) values (307, 'Albert', 'Kwiatkowski', '$7399.89', '5/3/2021', 'sprzątaczka', 7, 46, 277);
insert into workers (worker_id, first_name, last_name, salary, hire_date, employment_type, manager_id, shop_id, orders) values (308, 'Apolinary', 'Kaczmarek', '$9962.59', '11/24/2020', 'sprzedawca', 20, 27, 257);
insert into workers (worker_id, first_name, last_name, salary, hire_date, employment_type, manager_id, shop_id, orders) values (309, 'Anzelm', 'Krawczyk', '$1819.44', '4/1/2021', 'sprzedawca', 14, 13, 135);
insert into workers (worker_id, first_name, last_name, salary, hire_date, employment_type, manager_id, shop_id, orders) values (310, 'Anzelm', 'Wojciechowski', '$5296.76', '7/16/2020', 'sekretarka', 33, 42, 222);
insert into workers (worker_id, first_name, last_name, salary, hire_date, employment_type, manager_id, shop_id, orders) values (311, 'Alberta', 'Adamczyk', '$1394.77', '2/10/2021', 'dozorca', 3, 41, 35);
insert into workers (worker_id, first_name, last_name, salary, hire_date, employment_type, manager_id, shop_id, orders) values (312, 'Agnieszka', 'Piotrowski', '$1939.54', '8/31/2020', 'dozorca', 1, 83, 218);
insert into workers (worker_id, first_name, last_name, salary, hire_date, employment_type, manager_id, shop_id, orders) values (313, 'Alberta', 'Wiśniewski', '$8387.06', '9/7/2020', 'magazynier', 35, 20, 205);
insert into workers (worker_id, first_name, last_name, salary, hire_date, employment_type, manager_id, shop_id, orders) values (314, 'Amelia', 'Woźniak', '$3655.70', '4/7/2021', 'sprzedawca', 33, 24, 173);
insert into workers (worker_id, first_name, last_name, salary, hire_date, employment_type, manager_id, shop_id, orders) values (315, 'Adalbert', 'Szymański', '$5116.88', '1/11/2021', 'sekretarka', 38, 18, 170);
insert into workers (worker_id, first_name, last_name, salary, hire_date, employment_type, manager_id, shop_id, orders) values (316, 'Apollo', 'Kowalczyk', '$6937.73', '6/24/2020', 'sekretarka', 38, 87, 284);
insert into workers (worker_id, first_name, last_name, salary, hire_date, employment_type, manager_id, shop_id, orders) values (317, 'Adam', 'Grabowski', '$4461.52', '12/23/2020', 'magazynier', 6, 99, 26);
insert into workers (worker_id, first_name, last_name, salary, hire_date, employment_type, manager_id, shop_id, orders) values (318, 'Apolinary', 'Piotrowski', '$3702.32', '6/14/2020', 'magazynier', 32, 56, 232);
insert into workers (worker_id, first_name, last_name, salary, hire_date, employment_type, manager_id, shop_id, orders) values (319, 'Adalbert', 'Jankowski', '$3393.70', '4/16/2021', 'sprzedawca', 32, 49, 37);
insert into workers (worker_id, first_name, last_name, salary, hire_date, employment_type, manager_id, shop_id, orders) values (320, 'Apolinary', 'Zając', '$9436.10', '1/29/2021', 'dozorca', 13, 58, 141);
insert into workers (worker_id, first_name, last_name, salary, hire_date, employment_type, manager_id, shop_id, orders) values (321, 'Arkady', 'Wojciechowski', '$4581.29', '8/5/2020', 'sprzątaczka', 10, 99, 111);
insert into workers (worker_id, first_name, last_name, salary, hire_date, employment_type, manager_id, shop_id, orders) values (322, 'Anatol', 'Grabowski', '$5941.42', '5/29/2020', 'sprzedawca', 29, 9, 294);
insert into workers (worker_id, first_name, last_name, salary, hire_date, employment_type, manager_id, shop_id, orders) values (323, 'Adrian', 'Michalski', '$3536.56', '11/19/2020', 'magazynier', 8, 98, 230);
insert into workers (worker_id, first_name, last_name, salary, hire_date, employment_type, manager_id, shop_id, orders) values (324, 'Apolinary', 'Woźniak', '$4992.56', '5/17/2021', 'księgowy', 15, 73, 95);
insert into workers (worker_id, first_name, last_name, salary, hire_date, employment_type, manager_id, shop_id, orders) values (325, 'Antonina', 'Krawczyk', '$6658.94', '8/6/2020', 'magazynier', 32, 60, 266);
insert into workers (worker_id, first_name, last_name, salary, hire_date, employment_type, manager_id, shop_id, orders) values (326, 'Aleksander', 'Wieczorek', '$6306.90', '5/5/2021', 'magazynier', 7, 99, 268);
insert into workers (worker_id, first_name, last_name, salary, hire_date, employment_type, manager_id, shop_id, orders) values (327, 'Adalbert', 'Kozłowski', '$3137.57', '9/27/2020', 'sekretarka', 18, 82, 12);
insert into workers (worker_id, first_name, last_name, salary, hire_date, employment_type, manager_id, shop_id, orders) values (328, 'Arlena', 'Kwiatkowski', '$8090.57', '10/27/2020', 'magazynier', 23, 66, 201);
insert into workers (worker_id, first_name, last_name, salary, hire_date, employment_type, manager_id, shop_id, orders) values (329, 'Albert', 'Michalski', '$1547.51', '4/7/2021', 'księgowy', 10, 38, 266);
insert into workers (worker_id, first_name, last_name, salary, hire_date, employment_type, manager_id, shop_id, orders) values (330, 'Adela', 'Zając', '$2452.55', '5/16/2021', 'sprzątaczka', 17, 45, 274);
insert into workers (worker_id, first_name, last_name, salary, hire_date, employment_type, manager_id, shop_id, orders) values (331, 'Anita', 'Pawłowski', '$3539.50', '1/7/2021', 'sekretarka', 31, 25, 107);
insert into workers (worker_id, first_name, last_name, salary, hire_date, employment_type, manager_id, shop_id, orders) values (332, 'Arletta', 'Nowakowski', '$3197.86', '9/29/2020', 'sprzątaczka', 34, 26, 290);
insert into workers (worker_id, first_name, last_name, salary, hire_date, employment_type, manager_id, shop_id, orders) values (333, 'Anita', 'Grabowski', '$3787.30', '1/16/2021', 'księgowy', 32, 51, 298);
insert into workers (worker_id, first_name, last_name, salary, hire_date, employment_type, manager_id, shop_id, orders) values (334, 'Apollo', 'Kwiatkowski', '$7698.43', '2/9/2021', 'magazynier', 2, 3, 142);
insert into workers (worker_id, first_name, last_name, salary, hire_date, employment_type, manager_id, shop_id, orders) values (335, 'Apolinary', 'Kamiński', '$2774.83', '2/23/2021', 'dozorca', 1, 86, 142);
insert into workers (worker_id, first_name, last_name, salary, hire_date, employment_type, manager_id, shop_id, orders) values (336, 'Arnold', 'Kaczmarek', '$3125.99', '8/15/2020', 'sprzątaczka', 12, 90, 53);
insert into workers (worker_id, first_name, last_name, salary, hire_date, employment_type, manager_id, shop_id, orders) values (337, 'Anastazy', 'Wojciechowski', '$8101.86', '5/4/2021', 'sprzedawca', 11, 49, 186);
insert into workers (worker_id, first_name, last_name, salary, hire_date, employment_type, manager_id, shop_id, orders) values (338, 'Adelajda', 'Kamiński', '$9428.91', '4/27/2021', 'sprzedawca', 35, 69, 29);
insert into workers (worker_id, first_name, last_name, salary, hire_date, employment_type, manager_id, shop_id, orders) values (339, 'Ambroży', 'Woźniak', '$7984.07', '11/7/2020', 'sekretarka', 8, 86, 295);
insert into workers (worker_id, first_name, last_name, salary, hire_date, employment_type, manager_id, shop_id, orders) values (340, 'Adrian', 'Wiśniewski', '$6759.73', '2/12/2021', 'sprzątaczka', 6, 96, 268);
insert into workers (worker_id, first_name, last_name, salary, hire_date, employment_type, manager_id, shop_id, orders) values (341, 'Antoni', 'Woźniak', '$6560.83', '1/31/2021', 'magazynier', 13, 83, 240);
insert into workers (worker_id, first_name, last_name, salary, hire_date, employment_type, manager_id, shop_id, orders) values (342, 'Adelajda', 'Zieliński', '$1537.01', '12/7/2020', 'magazynier', 22, 31, 283);
insert into workers (worker_id, first_name, last_name, salary, hire_date, employment_type, manager_id, shop_id, orders) values (343, 'Arleta', 'Kamiński', '$2941.35', '10/11/2020', 'magazynier', 22, 4, 116);
insert into workers (worker_id, first_name, last_name, salary, hire_date, employment_type, manager_id, shop_id, orders) values (344, 'Ada', 'Kaczmarek', '$1496.56', '10/25/2020', 'sprzątaczka', 22, 32, 254);
insert into workers (worker_id, first_name, last_name, salary, hire_date, employment_type, manager_id, shop_id, orders) values (345, 'Aleksander', 'Zając', '$4247.37', '6/1/2020', 'sekretarka', 29, 16, 88);
insert into workers (worker_id, first_name, last_name, salary, hire_date, employment_type, manager_id, shop_id, orders) values (346, 'Antoni', 'Kowalczyk', '$9160.32', '12/30/2020', 'sprzedawca', 29, 5, 12);
insert into workers (worker_id, first_name, last_name, salary, hire_date, employment_type, manager_id, shop_id, orders) values (347, 'Adelajda', 'Zieliński', '$4626.75', '7/15/2020', 'księgowy', 21, 64, 143);
insert into workers (worker_id, first_name, last_name, salary, hire_date, employment_type, manager_id, shop_id, orders) values (348, 'Antonina', 'Woźniak', '$8720.44', '9/28/2020', 'sprzątaczka', 28, 90, 138);
insert into workers (worker_id, first_name, last_name, salary, hire_date, employment_type, manager_id, shop_id, orders) values (349, 'Apolinary', 'Kamiński', '$3882.48', '10/6/2020', 'magazynier', 39, 76, 144);
insert into workers (worker_id, first_name, last_name, salary, hire_date, employment_type, manager_id, shop_id, orders) values (350, 'Agata', 'Jankowski', '$9970.88', '5/6/2021', 'sekretarka', 20, 80, 38);
insert into workers (worker_id, first_name, last_name, salary, hire_date, employment_type, manager_id, shop_id, orders) values (351, 'Agata', 'Nowak', '$7807.41', '9/9/2020', 'dozorca', 10, 89, 29);
insert into workers (worker_id, first_name, last_name, salary, hire_date, employment_type, manager_id, shop_id, orders) values (352, 'Anna', 'Wojciechowski', '$7104.08', '3/18/2021', 'dozorca', 14, 56, 245);
insert into workers (worker_id, first_name, last_name, salary, hire_date, employment_type, manager_id, shop_id, orders) values (353, 'Antoni', 'Grabowski', '$9655.77', '9/4/2020', 'sekretarka', 16, 37, 296);
insert into workers (worker_id, first_name, last_name, salary, hire_date, employment_type, manager_id, shop_id, orders) values (354, 'Angelina', 'Kwiatkowski', '$5211.44', '7/22/2020', 'sekretarka', 6, 99, 201);
insert into workers (worker_id, first_name, last_name, salary, hire_date, employment_type, manager_id, shop_id, orders) values (355, 'Antonina', 'Zając', '$8592.95', '12/29/2020', 'sprzątaczka', 14, 82, 208);
insert into workers (worker_id, first_name, last_name, salary, hire_date, employment_type, manager_id, shop_id, orders) values (356, 'Aniela', 'Wojciechowski', '$9224.62', '8/16/2020', 'sekretarka', 32, 60, 30);
insert into workers (worker_id, first_name, last_name, salary, hire_date, employment_type, manager_id, shop_id, orders) values (357, 'Anzelm', 'Mazur', '$4302.23', '8/11/2020', 'księgowy', 24, 55, 287);
insert into workers (worker_id, first_name, last_name, salary, hire_date, employment_type, manager_id, shop_id, orders) values (358, 'Ariadna', 'Woźniak', '$7268.50', '1/27/2021', 'księgowy', 7, 8, 199);
insert into workers (worker_id, first_name, last_name, salary, hire_date, employment_type, manager_id, shop_id, orders) values (359, 'Antonina', 'Nowak', '$9870.79', '8/27/2020', 'sekretarka', 31, 24, 187);
insert into workers (worker_id, first_name, last_name, salary, hire_date, employment_type, manager_id, shop_id, orders) values (360, 'Aleksander', 'Zając', '$4556.10', '8/3/2020', 'sprzedawca', 40, 91, 205);
insert into workers (worker_id, first_name, last_name, salary, hire_date, employment_type, manager_id, shop_id, orders) values (361, 'Anzelm', 'Kwiatkowski', '$3204.04', '3/23/2021', 'dozorca', 25, 30, 221);
insert into workers (worker_id, first_name, last_name, salary, hire_date, employment_type, manager_id, shop_id, orders) values (362, 'Alina', 'Adamczyk', '$7044.90', '6/10/2020', 'księgowy', 36, 97, 296);
insert into workers (worker_id, first_name, last_name, salary, hire_date, employment_type, manager_id, shop_id, orders) values (363, 'Aneta', 'Krawczyk', '$7122.79', '4/26/2021', 'księgowy', 35, 79, 163);
insert into workers (worker_id, first_name, last_name, salary, hire_date, employment_type, manager_id, shop_id, orders) values (364, 'Aneta', 'Kaczmarek', '$3968.30', '6/10/2020', 'księgowy', 39, 41, 8);
insert into workers (worker_id, first_name, last_name, salary, hire_date, employment_type, manager_id, shop_id, orders) values (365, 'Arlena', 'Piotrowski', '$2797.78', '3/7/2021', 'sprzedawca', 36, 7, 196);
insert into workers (worker_id, first_name, last_name, salary, hire_date, employment_type, manager_id, shop_id, orders) values (366, 'Aldona', 'Dudek', '$3686.35', '9/22/2020', 'księgowy', 3, 57, 4);
insert into workers (worker_id, first_name, last_name, salary, hire_date, employment_type, manager_id, shop_id, orders) values (367, 'Alicja', 'Krawczyk', '$3657.45', '8/1/2020', 'sprzątaczka', 20, 58, 235);
insert into workers (worker_id, first_name, last_name, salary, hire_date, employment_type, manager_id, shop_id, orders) values (368, 'Aneta', 'Wieczorek', '$9537.78', '7/1/2020', 'dozorca', 26, 96, 184);
insert into workers (worker_id, first_name, last_name, salary, hire_date, employment_type, manager_id, shop_id, orders) values (369, 'Anna', 'Kwiatkowski', '$5604.49', '6/14/2020', 'dozorca', 7, 12, 204);
insert into workers (worker_id, first_name, last_name, salary, hire_date, employment_type, manager_id, shop_id, orders) values (370, 'Arnolf', 'Zając', '$1017.56', '5/20/2021', 'sprzedawca', 3, 22, 131);
insert into workers (worker_id, first_name, last_name, salary, hire_date, employment_type, manager_id, shop_id, orders) values (371, 'Aleksandra', 'Wiśniewski', '$4852.02', '6/30/2020', 'sekretarka', 17, 28, 277);
insert into workers (worker_id, first_name, last_name, salary, hire_date, employment_type, manager_id, shop_id, orders) values (372, 'Angelina', 'Piotrowski', '$6896.26', '11/10/2020', 'sprzątaczka', 1, 58, 212);
insert into workers (worker_id, first_name, last_name, salary, hire_date, employment_type, manager_id, shop_id, orders) values (373, 'Aleksander', 'Kowalski', '$5545.23', '8/22/2020', 'dozorca', 3, 72, 56);
insert into workers (worker_id, first_name, last_name, salary, hire_date, employment_type, manager_id, shop_id, orders) values (374, 'Andrzej', 'Lewandowski', '$6653.03', '3/21/2021', 'księgowy', 37, 55, 287);
insert into workers (worker_id, first_name, last_name, salary, hire_date, employment_type, manager_id, shop_id, orders) values (375, 'Arlena', 'Zieliński', '$7369.08', '3/12/2021', 'księgowy', 20, 77, 191);
insert into workers (worker_id, first_name, last_name, salary, hire_date, employment_type, manager_id, shop_id, orders) values (376, 'Alina', 'Kaczmarek', '$4975.74', '7/10/2020', 'sprzedawca', 21, 20, 183);
insert into workers (worker_id, first_name, last_name, salary, hire_date, employment_type, manager_id, shop_id, orders) values (377, 'Andrzej', 'Kamiński', '$4650.89', '5/13/2021', 'dozorca', 7, 92, 252);
insert into workers (worker_id, first_name, last_name, salary, hire_date, employment_type, manager_id, shop_id, orders) values (378, 'Andrzej', 'Kozłowski', '$5342.15', '12/16/2020', 'magazynier', 6, 34, 136);
insert into workers (worker_id, first_name, last_name, salary, hire_date, employment_type, manager_id, shop_id, orders) values (379, 'Anna', 'Grabowski', '$2366.54', '8/28/2020', 'dozorca', 7, 73, 18);
insert into workers (worker_id, first_name, last_name, salary, hire_date, employment_type, manager_id, shop_id, orders) values (380, 'Aldona', 'Zając', '$3044.39', '11/5/2020', 'sprzedawca', 24, 17, 181);
insert into workers (worker_id, first_name, last_name, salary, hire_date, employment_type, manager_id, shop_id, orders) values (381, 'Arkadiusz', 'Adamczyk', '$9968.16', '11/23/2020', 'dozorca', 39, 94, 33);
insert into workers (worker_id, first_name, last_name, salary, hire_date, employment_type, manager_id, shop_id, orders) values (382, 'Arletta', 'Michalski', '$5627.46', '8/26/2020', 'sprzątaczka', 36, 57, 30);
insert into workers (worker_id, first_name, last_name, salary, hire_date, employment_type, manager_id, shop_id, orders) values (383, 'Angelika', 'Nowicki', '$5891.51', '7/22/2020', 'magazynier', 8, 20, 13);
insert into workers (worker_id, first_name, last_name, salary, hire_date, employment_type, manager_id, shop_id, orders) values (384, 'Ada', 'Kowalski', '$8989.38', '4/12/2021', 'sekretarka', 36, 2, 4);
insert into workers (worker_id, first_name, last_name, salary, hire_date, employment_type, manager_id, shop_id, orders) values (385, 'Adelajda', 'Adamczyk', '$7214.29', '12/19/2020', 'dozorca', 31, 1, 2);
insert into workers (worker_id, first_name, last_name, salary, hire_date, employment_type, manager_id, shop_id, orders) values (386, 'Ambroży', 'Wiśniewski', '$6583.07', '7/26/2020', 'sekretarka', 34, 28, 22);
insert into workers (worker_id, first_name, last_name, salary, hire_date, employment_type, manager_id, shop_id, orders) values (387, 'Anastazja', 'Woźniak', '$4661.35', '9/17/2020', 'księgowy', 27, 35, 7);
insert into workers (worker_id, first_name, last_name, salary, hire_date, employment_type, manager_id, shop_id, orders) values (388, 'Antonina', 'Dudek', '$9115.08', '12/30/2020', 'dozorca', 25, 4, 109);
insert into workers (worker_id, first_name, last_name, salary, hire_date, employment_type, manager_id, shop_id, orders) values (389, 'Alfred', 'Zieliński', '$4110.56', '11/13/2020', 'sprzątaczka', 24, 84, 31);
insert into workers (worker_id, first_name, last_name, salary, hire_date, employment_type, manager_id, shop_id, orders) values (390, 'Arnolf', 'Kowalski', '$2749.14', '12/7/2020', 'sekretarka', 19, 54, 146);
insert into workers (worker_id, first_name, last_name, salary, hire_date, employment_type, manager_id, shop_id, orders) values (391, 'Adalbert', 'Woźniak', '$4839.21', '7/4/2020', 'księgowy', 22, 84, 122);
insert into workers (worker_id, first_name, last_name, salary, hire_date, employment_type, manager_id, shop_id, orders) values (392, 'Anna', 'Kwiatkowski', '$9435.49', '8/1/2020', 'dozorca', 21, 44, 152);
insert into workers (worker_id, first_name, last_name, salary, hire_date, employment_type, manager_id, shop_id, orders) values (393, 'Andrzej', 'Pawłowski', '$9665.73', '7/30/2020', 'sekretarka', 29, 29, 141);
insert into workers (worker_id, first_name, last_name, salary, hire_date, employment_type, manager_id, shop_id, orders) values (394, 'Anita', 'Mazur', '$8501.97', '11/19/2020', 'sekretarka', 30, 38, 253);
insert into workers (worker_id, first_name, last_name, salary, hire_date, employment_type, manager_id, shop_id, orders) values (395, 'Anita', 'Mazur', '$1667.78', '2/21/2021', 'sekretarka', 16, 25, 57);
insert into workers (worker_id, first_name, last_name, salary, hire_date, employment_type, manager_id, shop_id, orders) values (396, 'Arlena', 'Woźniak', '$5637.13', '1/4/2021', 'sprzedawca', 34, 30, 217);
insert into workers (worker_id, first_name, last_name, salary, hire_date, employment_type, manager_id, shop_id, orders) values (397, 'Anita', 'Mazur', '$3692.36', '2/18/2021', 'sprzątaczka', 12, 46, 187);
insert into workers (worker_id, first_name, last_name, salary, hire_date, employment_type, manager_id, shop_id, orders) values (398, 'Aleksander', 'Wojciechowski', '$7863.59', '2/8/2021', 'księgowy', 14, 56, 208);
insert into workers (worker_id, first_name, last_name, salary, hire_date, employment_type, manager_id, shop_id, orders) values (399, 'Arkady', 'Wieczorek', '$2849.69', '3/19/2021', 'księgowy', 18, 47, 34);
insert into workers (worker_id, first_name, last_name, salary, hire_date, employment_type, manager_id, shop_id, orders) values (400, 'Anastazy', 'Wiśniewski', '$3382.72', '10/31/2020', 'magazynier', 31, 33, 94);

insert into suppliers (supplier_id, name, product_id) values (1, 'Ambroży', 50);
insert into suppliers (supplier_id, name, product_id) values (2, 'Adelajda', 90);
insert into suppliers (supplier_id, name, product_id) values (3, 'Aleksander', 56);
insert into suppliers (supplier_id, name, product_id) values (4, 'Agnieszka', 38);
insert into suppliers (supplier_id, name, product_id) values (5, 'Adelajda', 87);
insert into suppliers (supplier_id, name, product_id) values (6, 'Agnieszka', 68);
insert into suppliers (supplier_id, name, product_id) values (7, 'Adam', 27);
insert into suppliers (supplier_id, name, product_id) values (8, 'Amelia', 100);
insert into suppliers (supplier_id, name, product_id) values (9, 'Alfred', 43);
insert into suppliers (supplier_id, name, product_id) values (10, 'Aleksandra', 38);
insert into suppliers (supplier_id, name, product_id) values (11, 'Agata', 49);
insert into suppliers (supplier_id, name, product_id) values (12, 'Alfred', 33);
insert into suppliers (supplier_id, name, product_id) values (13, 'Aldona', 3);
insert into suppliers (supplier_id, name, product_id) values (14, 'Amadeusz', 2);
insert into suppliers (supplier_id, name, product_id) values (15, 'Ambroży', 77);
insert into suppliers (supplier_id, name, product_id) values (16, 'Adela', 51);
insert into suppliers (supplier_id, name, product_id) values (17, 'Adelajda', 30);
insert into suppliers (supplier_id, name, product_id) values (18, 'Adelajda', 51);
insert into suppliers (supplier_id, name, product_id) values (19, 'Alina', 8);
insert into suppliers (supplier_id, name, product_id) values (20, 'Aleksander', 38);
insert into suppliers (supplier_id, name, product_id) values (21, 'Adalbert', 65);
insert into suppliers (supplier_id, name, product_id) values (22, 'Alberta', 13);
insert into suppliers (supplier_id, name, product_id) values (23, 'Adalbert', 44);
insert into suppliers (supplier_id, name, product_id) values (24, 'Alicja', 83);
insert into suppliers (supplier_id, name, product_id) values (25, 'Ambroży', 63);
insert into suppliers (supplier_id, name, product_id) values (26, 'Albert', 36);
insert into suppliers (supplier_id, name, product_id) values (27, 'Alina', 85);
insert into suppliers (supplier_id, name, product_id) values (28, 'Aleksandra', 7);
insert into suppliers (supplier_id, name, product_id) values (29, 'Aldona', 32);
insert into suppliers (supplier_id, name, product_id) values (30, 'Aleksander', 52);
insert into suppliers (supplier_id, name, product_id) values (31, 'Adela', 11);
insert into suppliers (supplier_id, name, product_id) values (32, 'Aldona', 92);
insert into suppliers (supplier_id, name, product_id) values (33, 'Aldona', 91);
insert into suppliers (supplier_id, name, product_id) values (34, 'Alicja', 64);
insert into suppliers (supplier_id, name, product_id) values (35, 'Aga', 47);
insert into suppliers (supplier_id, name, product_id) values (36, 'Alfred', 84);
insert into suppliers (supplier_id, name, product_id) values (37, 'Alicja', 97);
insert into suppliers (supplier_id, name, product_id) values (38, 'Agata', 14);
insert into suppliers (supplier_id, name, product_id) values (39, 'Alberta', 41);
insert into suppliers (supplier_id, name, product_id) values (40, 'Albert', 43);
insert into suppliers (supplier_id, name, product_id) values (41, 'Alfred', 28);
insert into suppliers (supplier_id, name, product_id) values (42, 'Agnieszka', 97);
insert into suppliers (supplier_id, name, product_id) values (43, 'Ada', 99);
insert into suppliers (supplier_id, name, product_id) values (44, 'Aldona', 4);
insert into suppliers (supplier_id, name, product_id) values (45, 'Agata', 93);
insert into suppliers (supplier_id, name, product_id) values (46, 'Adam', 8);
insert into suppliers (supplier_id, name, product_id) values (47, 'Ambroży', 19);
insert into suppliers (supplier_id, name, product_id) values (48, 'Aleksander', 10);
insert into suppliers (supplier_id, name, product_id) values (49, 'Adrian', 49);
insert into suppliers (supplier_id, name, product_id) values (50, 'Alicja', 55);
insert into suppliers (supplier_id, name, product_id) values (51, 'Aldona', 6);
insert into suppliers (supplier_id, name, product_id) values (52, 'Adelajda', 34);
insert into suppliers (supplier_id, name, product_id) values (53, 'Ambroży', 40);
insert into suppliers (supplier_id, name, product_id) values (54, 'Alicja', 10);
insert into suppliers (supplier_id, name, product_id) values (55, 'Amadeusz', 30);
insert into suppliers (supplier_id, name, product_id) values (56, 'Agnieszka', 48);
insert into suppliers (supplier_id, name, product_id) values (57, 'Alfred', 91);
insert into suppliers (supplier_id, name, product_id) values (58, 'Adalbert', 39);
insert into suppliers (supplier_id, name, product_id) values (59, 'Adalbert', 35);
insert into suppliers (supplier_id, name, product_id) values (60, 'Aleksandra', 39);
insert into suppliers (supplier_id, name, product_id) values (61, 'Adela', 16);
insert into suppliers (supplier_id, name, product_id) values (62, 'Alfred', 48);
insert into suppliers (supplier_id, name, product_id) values (63, 'Amelia', 32);
insert into suppliers (supplier_id, name, product_id) values (64, 'Aleksander', 2);
insert into suppliers (supplier_id, name, product_id) values (65, 'Alina', 74);
insert into suppliers (supplier_id, name, product_id) values (66, 'Amelia', 92);
insert into suppliers (supplier_id, name, product_id) values (67, 'Adam', 86);
insert into suppliers (supplier_id, name, product_id) values (68, 'Alfred', 59);
insert into suppliers (supplier_id, name, product_id) values (69, 'Ambroży', 37);
insert into suppliers (supplier_id, name, product_id) values (70, 'Aga', 82);
insert into suppliers (supplier_id, name, product_id) values (71, 'Adrian', 87);
insert into suppliers (supplier_id, name, product_id) values (72, 'Agata', 57);
insert into suppliers (supplier_id, name, product_id) values (73, 'Adrian', 18);
insert into suppliers (supplier_id, name, product_id) values (74, 'Albert', 63);
insert into suppliers (supplier_id, name, product_id) values (75, 'Aga', 81);
insert into suppliers (supplier_id, name, product_id) values (76, 'Agata', 39);
insert into suppliers (supplier_id, name, product_id) values (77, 'Ada', 43);
insert into suppliers (supplier_id, name, product_id) values (78, 'Albert', 54);
insert into suppliers (supplier_id, name, product_id) values (79, 'Amelia', 55);
insert into suppliers (supplier_id, name, product_id) values (80, 'Adam', 7);
insert into suppliers (supplier_id, name, product_id) values (81, 'Adelajda', 58);
insert into suppliers (supplier_id, name, product_id) values (82, 'Alfred', 91);
insert into suppliers (supplier_id, name, product_id) values (83, 'Amadeusz', 53);
insert into suppliers (supplier_id, name, product_id) values (84, 'Adelajda', 4);
insert into suppliers (supplier_id, name, product_id) values (85, 'Aleksandra', 89);
insert into suppliers (supplier_id, name, product_id) values (86, 'Adela', 15);
insert into suppliers (supplier_id, name, product_id) values (87, 'Alberta', 73);
insert into suppliers (supplier_id, name, product_id) values (88, 'Agnieszka', 55);
insert into suppliers (supplier_id, name, product_id) values (89, 'Alberta', 88);
insert into suppliers (supplier_id, name, product_id) values (90, 'Alicja', 73);
insert into suppliers (supplier_id, name, product_id) values (91, 'Aleksander', 33);
insert into suppliers (supplier_id, name, product_id) values (92, 'Agnieszka', 6);
insert into suppliers (supplier_id, name, product_id) values (93, 'Aga', 26);
insert into suppliers (supplier_id, name, product_id) values (94, 'Alicja', 37);
insert into suppliers (supplier_id, name, product_id) values (95, 'Adela', 100);
insert into suppliers (supplier_id, name, product_id) values (96, 'Aldona', 35);
insert into suppliers (supplier_id, name, product_id) values (97, 'Ada', 96);
insert into suppliers (supplier_id, name, product_id) values (98, 'Alberta', 65);
insert into suppliers (supplier_id, name, product_id) values (99, 'Aleksander', 92);
insert into suppliers (supplier_id, name, product_id) values (100, 'Adelajda', 92);


insert into products_quantity (warehouse_id, product_id, quantity) values (57, 49, 81);
insert into products_quantity (warehouse_id, product_id, quantity) values (7, 64, 73);
insert into products_quantity (warehouse_id, product_id, quantity) values (27, 31, 59);
insert into products_quantity (warehouse_id, product_id, quantity) values (93, 43, 23);
insert into products_quantity (warehouse_id, product_id, quantity) values (69, 48, 89);
insert into products_quantity (warehouse_id, product_id, quantity) values (54, 68, 51);
insert into products_quantity (warehouse_id, product_id, quantity) values (65, 44, 31);
insert into products_quantity (warehouse_id, product_id, quantity) values (72, 43, 51);
insert into products_quantity (warehouse_id, product_id, quantity) values (2, 77, 19);
insert into products_quantity (warehouse_id, product_id, quantity) values (77, 62, 35);
insert into products_quantity (warehouse_id, product_id, quantity) values (39, 14, 72);
insert into products_quantity (warehouse_id, product_id, quantity) values (63, 22, 92);
insert into products_quantity (warehouse_id, product_id, quantity) values (48, 41, 46);
insert into products_quantity (warehouse_id, product_id, quantity) values (6, 85, 78);
insert into products_quantity (warehouse_id, product_id, quantity) values (78, 80, 97);
insert into products_quantity (warehouse_id, product_id, quantity) values (20, 80, 64);
insert into products_quantity (warehouse_id, product_id, quantity) values (85, 16, 95);
insert into products_quantity (warehouse_id, product_id, quantity) values (36, 18, 76);
insert into products_quantity (warehouse_id, product_id, quantity) values (48, 80, 64);
insert into products_quantity (warehouse_id, product_id, quantity) values (97, 93, 95);
insert into products_quantity (warehouse_id, product_id, quantity) values (39, 2, 71);
insert into products_quantity (warehouse_id, product_id, quantity) values (78, 60, 64);
insert into products_quantity (warehouse_id, product_id, quantity) values (45, 7, 92);
insert into products_quantity (warehouse_id, product_id, quantity) values (89, 36, 69);
insert into products_quantity (warehouse_id, product_id, quantity) values (82, 78, 88);
insert into products_quantity (warehouse_id, product_id, quantity) values (14, 56, 35);
insert into products_quantity (warehouse_id, product_id, quantity) values (37, 49, 73);
insert into products_quantity (warehouse_id, product_id, quantity) values (56, 51, 69);
insert into products_quantity (warehouse_id, product_id, quantity) values (44, 31, 64);
insert into products_quantity (warehouse_id, product_id, quantity) values (8, 53, 76);
insert into products_quantity (warehouse_id, product_id, quantity) values (42, 64, 31);
insert into products_quantity (warehouse_id, product_id, quantity) values (86, 8, 95);
insert into products_quantity (warehouse_id, product_id, quantity) values (13, 58, 99);
insert into products_quantity (warehouse_id, product_id, quantity) values (69, 42, 36);
insert into products_quantity (warehouse_id, product_id, quantity) values (6, 46, 54);
insert into products_quantity (warehouse_id, product_id, quantity) values (61, 14, 11);
insert into products_quantity (warehouse_id, product_id, quantity) values (13, 65, 86);
insert into products_quantity (warehouse_id, product_id, quantity) values (17, 45, 62);
insert into products_quantity (warehouse_id, product_id, quantity) values (29, 13, 21);
insert into products_quantity (warehouse_id, product_id, quantity) values (41, 6, 69);
insert into products_quantity (warehouse_id, product_id, quantity) values (83, 70, 70);
insert into products_quantity (warehouse_id, product_id, quantity) values (12, 68, 38);
insert into products_quantity (warehouse_id, product_id, quantity) values (31, 69, 91);
insert into products_quantity (warehouse_id, product_id, quantity) values (21, 93, 45);
insert into products_quantity (warehouse_id, product_id, quantity) values (39, 24, 74);
insert into products_quantity (warehouse_id, product_id, quantity) values (33, 29, 48);
insert into products_quantity (warehouse_id, product_id, quantity) values (30, 24, 44);
insert into products_quantity (warehouse_id, product_id, quantity) values (45, 89, 59);
insert into products_quantity (warehouse_id, product_id, quantity) values (92, 77, 50);
insert into products_quantity (warehouse_id, product_id, quantity) values (7, 62, 44);
insert into products_quantity (warehouse_id, product_id, quantity) values (50, 50, 46);
insert into products_quantity (warehouse_id, product_id, quantity) values (83, 36, 54);
insert into products_quantity (warehouse_id, product_id, quantity) values (32, 56, 64);
insert into products_quantity (warehouse_id, product_id, quantity) values (74, 76, 14);
insert into products_quantity (warehouse_id, product_id, quantity) values (85, 41, 82);
insert into products_quantity (warehouse_id, product_id, quantity) values (36, 75, 21);
insert into products_quantity (warehouse_id, product_id, quantity) values (69, 78, 41);
insert into products_quantity (warehouse_id, product_id, quantity) values (63, 92, 38);
insert into products_quantity (warehouse_id, product_id, quantity) values (42, 57, 84);
insert into products_quantity (warehouse_id, product_id, quantity) values (22, 5, 55);
insert into products_quantity (warehouse_id, product_id, quantity) values (71, 39, 20);
insert into products_quantity (warehouse_id, product_id, quantity) values (91, 49, 49);
insert into products_quantity (warehouse_id, product_id, quantity) values (66, 95, 75);
insert into products_quantity (warehouse_id, product_id, quantity) values (28, 7, 63);
insert into products_quantity (warehouse_id, product_id, quantity) values (85, 90, 11);
insert into products_quantity (warehouse_id, product_id, quantity) values (100, 96, 99);
insert into products_quantity (warehouse_id, product_id, quantity) values (92, 13, 26);
insert into products_quantity (warehouse_id, product_id, quantity) values (5, 21, 80);
insert into products_quantity (warehouse_id, product_id, quantity) values (62, 75, 96);
insert into products_quantity (warehouse_id, product_id, quantity) values (70, 35, 87);
insert into products_quantity (warehouse_id, product_id, quantity) values (46, 94, 45);
insert into products_quantity (warehouse_id, product_id, quantity) values (39, 21, 18);
insert into products_quantity (warehouse_id, product_id, quantity) values (49, 79, 54);
insert into products_quantity (warehouse_id, product_id, quantity) values (91, 50, 18);
insert into products_quantity (warehouse_id, product_id, quantity) values (85, 48, 60);
insert into products_quantity (warehouse_id, product_id, quantity) values (23, 93, 15);
insert into products_quantity (warehouse_id, product_id, quantity) values (69, 42, 17);
insert into products_quantity (warehouse_id, product_id, quantity) values (13, 29, 42);
insert into products_quantity (warehouse_id, product_id, quantity) values (32, 100, 60);
insert into products_quantity (warehouse_id, product_id, quantity) values (2, 66, 39);
insert into products_quantity (warehouse_id, product_id, quantity) values (87, 29, 61);
insert into products_quantity (warehouse_id, product_id, quantity) values (17, 34, 10);
insert into products_quantity (warehouse_id, product_id, quantity) values (45, 85, 16);
insert into products_quantity (warehouse_id, product_id, quantity) values (25, 100, 96);
insert into products_quantity (warehouse_id, product_id, quantity) values (90, 73, 47);
insert into products_quantity (warehouse_id, product_id, quantity) values (26, 58, 28);
insert into products_quantity (warehouse_id, product_id, quantity) values (9, 79, 39);
insert into products_quantity (warehouse_id, product_id, quantity) values (70, 72, 79);
insert into products_quantity (warehouse_id, product_id, quantity) values (4, 66, 77);
insert into products_quantity (warehouse_id, product_id, quantity) values (2, 58, 30);
insert into products_quantity (warehouse_id, product_id, quantity) values (15, 96, 36);
insert into products_quantity (warehouse_id, product_id, quantity) values (74, 75, 62);
insert into products_quantity (warehouse_id, product_id, quantity) values (12, 24, 63);
insert into products_quantity (warehouse_id, product_id, quantity) values (26, 98, 29);
insert into products_quantity (warehouse_id, product_id, quantity) values (28, 21, 52);
insert into products_quantity (warehouse_id, product_id, quantity) values (97, 29, 37);
insert into products_quantity (warehouse_id, product_id, quantity) values (51, 83, 65);
insert into products_quantity (warehouse_id, product_id, quantity) values (16, 8, 57);
insert into products_quantity (warehouse_id, product_id, quantity) values (29, 87, 60);
insert into products_quantity (warehouse_id, product_id, quantity) values (38, 49, 27);
insert into products_quantity (warehouse_id, product_id, quantity) values (58, 83, 53);
insert into products_quantity (warehouse_id, product_id, quantity) values (50, 42, 98);
insert into products_quantity (warehouse_id, product_id, quantity) values (49, 71, 94);
insert into products_quantity (warehouse_id, product_id, quantity) values (27, 71, 35);
insert into products_quantity (warehouse_id, product_id, quantity) values (29, 30, 30);
insert into products_quantity (warehouse_id, product_id, quantity) values (3, 15, 99);
insert into products_quantity (warehouse_id, product_id, quantity) values (9, 100, 60);
insert into products_quantity (warehouse_id, product_id, quantity) values (4, 49, 88);
insert into products_quantity (warehouse_id, product_id, quantity) values (6, 58, 17);
insert into products_quantity (warehouse_id, product_id, quantity) values (56, 87, 97);
insert into products_quantity (warehouse_id, product_id, quantity) values (59, 55, 86);
insert into products_quantity (warehouse_id, product_id, quantity) values (10, 34, 66);
insert into products_quantity (warehouse_id, product_id, quantity) values (72, 22, 34);
insert into products_quantity (warehouse_id, product_id, quantity) values (59, 49, 94);
insert into products_quantity (warehouse_id, product_id, quantity) values (7, 22, 67);
insert into products_quantity (warehouse_id, product_id, quantity) values (92, 31, 61);
insert into products_quantity (warehouse_id, product_id, quantity) values (24, 65, 54);
insert into products_quantity (warehouse_id, product_id, quantity) values (45, 41, 27);
insert into products_quantity (warehouse_id, product_id, quantity) values (25, 28, 18);
insert into products_quantity (warehouse_id, product_id, quantity) values (7, 15, 65);
insert into products_quantity (warehouse_id, product_id, quantity) values (64, 38, 74);
insert into products_quantity (warehouse_id, product_id, quantity) values (2, 72, 23);
insert into products_quantity (warehouse_id, product_id, quantity) values (95, 61, 21);
insert into products_quantity (warehouse_id, product_id, quantity) values (70, 79, 59);
insert into products_quantity (warehouse_id, product_id, quantity) values (62, 1, 37);
insert into products_quantity (warehouse_id, product_id, quantity) values (72, 65, 20);
insert into products_quantity (warehouse_id, product_id, quantity) values (40, 71, 79);
insert into products_quantity (warehouse_id, product_id, quantity) values (57, 14, 44);
insert into products_quantity (warehouse_id, product_id, quantity) values (56, 2, 63);
insert into products_quantity (warehouse_id, product_id, quantity) values (25, 52, 24);
insert into products_quantity (warehouse_id, product_id, quantity) values (53, 39, 97);
insert into products_quantity (warehouse_id, product_id, quantity) values (18, 11, 80);
insert into products_quantity (warehouse_id, product_id, quantity) values (34, 80, 99);
insert into products_quantity (warehouse_id, product_id, quantity) values (92, 25, 20);
insert into products_quantity (warehouse_id, product_id, quantity) values (88, 1, 20);
insert into products_quantity (warehouse_id, product_id, quantity) values (70, 96, 34);
insert into products_quantity (warehouse_id, product_id, quantity) values (11, 1, 24);
insert into products_quantity (warehouse_id, product_id, quantity) values (55, 26, 39);
insert into products_quantity (warehouse_id, product_id, quantity) values (22, 14, 20);
insert into products_quantity (warehouse_id, product_id, quantity) values (49, 3, 91);
insert into products_quantity (warehouse_id, product_id, quantity) values (23, 20, 47);
insert into products_quantity (warehouse_id, product_id, quantity) values (29, 28, 92);
insert into products_quantity (warehouse_id, product_id, quantity) values (12, 86, 25);
insert into products_quantity (warehouse_id, product_id, quantity) values (34, 50, 62);
insert into products_quantity (warehouse_id, product_id, quantity) values (18, 22, 89);
insert into products_quantity (warehouse_id, product_id, quantity) values (16, 77, 65);
insert into products_quantity (warehouse_id, product_id, quantity) values (98, 73, 19);
insert into products_quantity (warehouse_id, product_id, quantity) values (33, 39, 44);
insert into products_quantity (warehouse_id, product_id, quantity) values (52, 74, 93);
insert into products_quantity (warehouse_id, product_id, quantity) values (29, 86, 81);
insert into products_quantity (warehouse_id, product_id, quantity) values (39, 36, 73);
insert into products_quantity (warehouse_id, product_id, quantity) values (18, 94, 65);
insert into products_quantity (warehouse_id, product_id, quantity) values (63, 14, 59);
insert into products_quantity (warehouse_id, product_id, quantity) values (32, 10, 91);
insert into products_quantity (warehouse_id, product_id, quantity) values (41, 44, 36);
insert into products_quantity (warehouse_id, product_id, quantity) values (82, 61, 54);
insert into products_quantity (warehouse_id, product_id, quantity) values (94, 54, 65);
insert into products_quantity (warehouse_id, product_id, quantity) values (12, 86, 72);
insert into products_quantity (warehouse_id, product_id, quantity) values (100, 16, 89);
insert into products_quantity (warehouse_id, product_id, quantity) values (5, 64, 18);
insert into products_quantity (warehouse_id, product_id, quantity) values (68, 47, 32);
insert into products_quantity (warehouse_id, product_id, quantity) values (77, 71, 54);
insert into products_quantity (warehouse_id, product_id, quantity) values (47, 40, 66);
insert into products_quantity (warehouse_id, product_id, quantity) values (33, 48, 13);
insert into products_quantity (warehouse_id, product_id, quantity) values (50, 49, 24);
insert into products_quantity (warehouse_id, product_id, quantity) values (12, 27, 97);
insert into products_quantity (warehouse_id, product_id, quantity) values (28, 59, 84);
insert into products_quantity (warehouse_id, product_id, quantity) values (2, 27, 33);
insert into products_quantity (warehouse_id, product_id, quantity) values (23, 8, 68);
insert into products_quantity (warehouse_id, product_id, quantity) values (64, 3, 26);
insert into products_quantity (warehouse_id, product_id, quantity) values (29, 36, 71);
insert into products_quantity (warehouse_id, product_id, quantity) values (61, 35, 30);
insert into products_quantity (warehouse_id, product_id, quantity) values (43, 76, 100);
insert into products_quantity (warehouse_id, product_id, quantity) values (62, 68, 57);
insert into products_quantity (warehouse_id, product_id, quantity) values (13, 29, 26);
insert into products_quantity (warehouse_id, product_id, quantity) values (96, 81, 55);
insert into products_quantity (warehouse_id, product_id, quantity) values (49, 59, 97);
insert into products_quantity (warehouse_id, product_id, quantity) values (30, 18, 40);
insert into products_quantity (warehouse_id, product_id, quantity) values (66, 81, 84);
insert into products_quantity (warehouse_id, product_id, quantity) values (91, 84, 62);
insert into products_quantity (warehouse_id, product_id, quantity) values (16, 65, 41);
insert into products_quantity (warehouse_id, product_id, quantity) values (46, 19, 20);
insert into products_quantity (warehouse_id, product_id, quantity) values (70, 8, 11);
insert into products_quantity (warehouse_id, product_id, quantity) values (94, 10, 48);
insert into products_quantity (warehouse_id, product_id, quantity) values (69, 89, 10);
insert into products_quantity (warehouse_id, product_id, quantity) values (71, 28, 53);
insert into products_quantity (warehouse_id, product_id, quantity) values (15, 45, 16);
insert into products_quantity (warehouse_id, product_id, quantity) values (7, 47, 84);
insert into products_quantity (warehouse_id, product_id, quantity) values (35, 4, 95);
insert into products_quantity (warehouse_id, product_id, quantity) values (22, 61, 45);
insert into products_quantity (warehouse_id, product_id, quantity) values (80, 57, 63);
insert into products_quantity (warehouse_id, product_id, quantity) values (46, 36, 32);
insert into products_quantity (warehouse_id, product_id, quantity) values (71, 15, 47);
insert into products_quantity (warehouse_id, product_id, quantity) values (85, 83, 12);
insert into products_quantity (warehouse_id, product_id, quantity) values (86, 34, 69);
insert into products_quantity (warehouse_id, product_id, quantity) values (76, 20, 84);
insert into products_quantity (warehouse_id, product_id, quantity) values (54, 69, 28);
insert into products_quantity (warehouse_id, product_id, quantity) values (43, 66, 85);
insert into products_quantity (warehouse_id, product_id, quantity) values (73, 88, 20);
insert into products_quantity (warehouse_id, product_id, quantity) values (71, 17, 20);
insert into products_quantity (warehouse_id, product_id, quantity) values (64, 96, 32);
insert into products_quantity (warehouse_id, product_id, quantity) values (55, 97, 11);
insert into products_quantity (warehouse_id, product_id, quantity) values (95, 56, 30);
insert into products_quantity (warehouse_id, product_id, quantity) values (96, 64, 73);
insert into products_quantity (warehouse_id, product_id, quantity) values (30, 73, 52);
insert into products_quantity (warehouse_id, product_id, quantity) values (38, 71, 43);
insert into products_quantity (warehouse_id, product_id, quantity) values (59, 84, 71);
insert into products_quantity (warehouse_id, product_id, quantity) values (9, 41, 18);
insert into products_quantity (warehouse_id, product_id, quantity) values (16, 68, 65);
insert into products_quantity (warehouse_id, product_id, quantity) values (14, 46, 59);
insert into products_quantity (warehouse_id, product_id, quantity) values (96, 26, 42);
insert into products_quantity (warehouse_id, product_id, quantity) values (35, 32, 22);
insert into products_quantity (warehouse_id, product_id, quantity) values (51, 15, 81);
insert into products_quantity (warehouse_id, product_id, quantity) values (98, 95, 26);
insert into products_quantity (warehouse_id, product_id, quantity) values (63, 23, 50);
insert into products_quantity (warehouse_id, product_id, quantity) values (83, 28, 49);
insert into products_quantity (warehouse_id, product_id, quantity) values (85, 46, 82);
insert into products_quantity (warehouse_id, product_id, quantity) values (68, 77, 58);
insert into products_quantity (warehouse_id, product_id, quantity) values (74, 90, 80);
insert into products_quantity (warehouse_id, product_id, quantity) values (49, 68, 60);
insert into products_quantity (warehouse_id, product_id, quantity) values (10, 29, 44);
insert into products_quantity (warehouse_id, product_id, quantity) values (28, 63, 97);
insert into products_quantity (warehouse_id, product_id, quantity) values (81, 47, 98);
insert into products_quantity (warehouse_id, product_id, quantity) values (93, 53, 54);
insert into products_quantity (warehouse_id, product_id, quantity) values (8, 19, 92);
insert into products_quantity (warehouse_id, product_id, quantity) values (73, 70, 26);
insert into products_quantity (warehouse_id, product_id, quantity) values (50, 21, 68);
insert into products_quantity (warehouse_id, product_id, quantity) values (63, 11, 96);
insert into products_quantity (warehouse_id, product_id, quantity) values (10, 59, 43);
insert into products_quantity (warehouse_id, product_id, quantity) values (41, 50, 19);
insert into products_quantity (warehouse_id, product_id, quantity) values (11, 11, 44);
insert into products_quantity (warehouse_id, product_id, quantity) values (50, 15, 77);
insert into products_quantity (warehouse_id, product_id, quantity) values (83, 1, 61);
insert into products_quantity (warehouse_id, product_id, quantity) values (56, 84, 86);
insert into products_quantity (warehouse_id, product_id, quantity) values (14, 48, 68);
insert into products_quantity (warehouse_id, product_id, quantity) values (44, 58, 60);
insert into products_quantity (warehouse_id, product_id, quantity) values (81, 41, 12);
insert into products_quantity (warehouse_id, product_id, quantity) values (40, 81, 60);
insert into products_quantity (warehouse_id, product_id, quantity) values (64, 24, 43);
insert into products_quantity (warehouse_id, product_id, quantity) values (99, 97, 26);
insert into products_quantity (warehouse_id, product_id, quantity) values (14, 57, 49);
insert into products_quantity (warehouse_id, product_id, quantity) values (43, 37, 38);
insert into products_quantity (warehouse_id, product_id, quantity) values (6, 14, 54);
insert into products_quantity (warehouse_id, product_id, quantity) values (57, 58, 50);
insert into products_quantity (warehouse_id, product_id, quantity) values (63, 48, 31);
insert into products_quantity (warehouse_id, product_id, quantity) values (62, 99, 61);
insert into products_quantity (warehouse_id, product_id, quantity) values (98, 32, 73);
insert into products_quantity (warehouse_id, product_id, quantity) values (76, 85, 29);
insert into products_quantity (warehouse_id, product_id, quantity) values (12, 47, 41);
insert into products_quantity (warehouse_id, product_id, quantity) values (61, 71, 90);
insert into products_quantity (warehouse_id, product_id, quantity) values (10, 14, 39);
insert into products_quantity (warehouse_id, product_id, quantity) values (90, 14, 54);
insert into products_quantity (warehouse_id, product_id, quantity) values (49, 92, 66);
insert into products_quantity (warehouse_id, product_id, quantity) values (30, 37, 12);
insert into products_quantity (warehouse_id, product_id, quantity) values (98, 97, 38);
insert into products_quantity (warehouse_id, product_id, quantity) values (24, 44, 51);
insert into products_quantity (warehouse_id, product_id, quantity) values (84, 33, 10);
insert into products_quantity (warehouse_id, product_id, quantity) values (8, 86, 19);
insert into products_quantity (warehouse_id, product_id, quantity) values (78, 73, 16);
insert into products_quantity (warehouse_id, product_id, quantity) values (60, 64, 69);
insert into products_quantity (warehouse_id, product_id, quantity) values (84, 33, 59);
insert into products_quantity (warehouse_id, product_id, quantity) values (79, 32, 36);
insert into products_quantity (warehouse_id, product_id, quantity) values (29, 94, 68);
insert into products_quantity (warehouse_id, product_id, quantity) values (94, 63, 59);
insert into products_quantity (warehouse_id, product_id, quantity) values (35, 90, 31);
insert into products_quantity (warehouse_id, product_id, quantity) values (98, 40, 95);
insert into products_quantity (warehouse_id, product_id, quantity) values (4, 13, 81);
insert into products_quantity (warehouse_id, product_id, quantity) values (7, 20, 54);
insert into products_quantity (warehouse_id, product_id, quantity) values (11, 98, 63);
insert into products_quantity (warehouse_id, product_id, quantity) values (62, 95, 58);
insert into products_quantity (warehouse_id, product_id, quantity) values (43, 91, 17);
insert into products_quantity (warehouse_id, product_id, quantity) values (94, 20, 76);
insert into products_quantity (warehouse_id, product_id, quantity) values (7, 74, 64);
insert into products_quantity (warehouse_id, product_id, quantity) values (2, 2, 92);
insert into products_quantity (warehouse_id, product_id, quantity) values (79, 4, 50);
insert into products_quantity (warehouse_id, product_id, quantity) values (35, 17, 57);
insert into products_quantity (warehouse_id, product_id, quantity) values (63, 61, 26);
insert into products_quantity (warehouse_id, product_id, quantity) values (52, 47, 71);
insert into products_quantity (warehouse_id, product_id, quantity) values (45, 44, 100);
insert into products_quantity (warehouse_id, product_id, quantity) values (47, 60, 50);
insert into products_quantity (warehouse_id, product_id, quantity) values (31, 10, 96);
insert into products_quantity (warehouse_id, product_id, quantity) values (50, 9, 77);
insert into products_quantity (warehouse_id, product_id, quantity) values (88, 64, 59);
insert into products_quantity (warehouse_id, product_id, quantity) values (45, 3, 23);
insert into products_quantity (warehouse_id, product_id, quantity) values (27, 44, 72);
insert into products_quantity (warehouse_id, product_id, quantity) values (38, 39, 58);
insert into products_quantity (warehouse_id, product_id, quantity) values (98, 57, 87);
insert into products_quantity (warehouse_id, product_id, quantity) values (87, 45, 76);
insert into products_quantity (warehouse_id, product_id, quantity) values (33, 92, 44);
insert into products_quantity (warehouse_id, product_id, quantity) values (91, 10, 16);
insert into products_quantity (warehouse_id, product_id, quantity) values (73, 60, 18);
insert into products_quantity (warehouse_id, product_id, quantity) values (68, 87, 19);
insert into products_quantity (warehouse_id, product_id, quantity) values (87, 68, 22);
insert into products_quantity (warehouse_id, product_id, quantity) values (22, 11, 87);
insert into products_quantity (warehouse_id, product_id, quantity) values (93, 52, 46);
insert into products_quantity (warehouse_id, product_id, quantity) values (39, 18, 23);
insert into products_quantity (warehouse_id, product_id, quantity) values (76, 25, 31);
insert into products_quantity (warehouse_id, product_id, quantity) values (87, 57, 67);
insert into products_quantity (warehouse_id, product_id, quantity) values (31, 11, 24);
insert into products_quantity (warehouse_id, product_id, quantity) values (95, 36, 15);
